date,price
2/10/2020 12:00:00 AM,19.207990
2/10/2020 12:05:00 AM,19.453403
2/10/2020 12:10:00 AM,19.207990
2/10/2020 12:15:00 AM,19.435323
2/10/2020 12:20:00 AM,19.435323
2/10/2020 12:25:00 AM,16.194193
2/10/2020 12:30:00 AM,19.704670
2/10/2020 12:35:00 AM,19.499936
2/10/2020 12:40:00 AM,19.499936
2/10/2020 12:45:00 AM,19.044120
2/10/2020 12:50:00 AM,19.044120
2/10/2020 12:55:00 AM,17.247056
2/10/2020 1:00:00 AM,18.968390
2/10/2020 1:05:00 AM,18.289296
2/10/2020 1:10:00 AM,18.304943
2/10/2020 1:15:00 AM,17.419533
2/10/2020 1:20:00 AM,18.965830
2/10/2020 1:25:00 AM,18.694223
2/10/2020 1:30:00 AM,18.288636
2/10/2020 1:35:00 AM,15.224210
2/10/2020 1:40:00 AM,15.283443
2/10/2020 1:45:00 AM,17.798830
2/10/2020 1:50:00 AM,17.022563
2/10/2020 1:55:00 AM,16.606973
2/10/2020 2:00:00 AM,16.775193
2/10/2020 2:05:00 AM,16.141606
2/10/2020 2:10:00 AM,15.792840
2/10/2020 2:15:00 AM,15.812170
2/10/2020 2:20:00 AM,15.812170
2/10/2020 2:25:00 AM,15.819240
2/10/2020 2:30:00 AM,15.801260
2/10/2020 2:35:00 AM,16.100310
2/10/2020 2:40:00 AM,16.059016
2/10/2020 2:45:00 AM,15.784723
2/10/2020 2:50:00 AM,15.784723
2/10/2020 2:55:00 AM,16.764360
2/10/2020 3:00:00 AM,18.042813
2/10/2020 3:05:00 AM,18.718920
2/10/2020 3:10:00 AM,19.060713
2/10/2020 3:15:00 AM,15.847373
2/10/2020 3:20:00 AM,15.133623
2/10/2020 3:25:00 AM,15.853726
2/10/2020 3:30:00 AM,18.800406
2/10/2020 3:35:00 AM,18.628506
2/10/2020 3:40:00 AM,18.800406
2/10/2020 3:45:00 AM,17.925090
2/10/2020 3:50:00 AM,17.135850
2/10/2020 3:55:00 AM,16.360460
2/10/2020 4:00:00 AM,15.668650
2/10/2020 4:05:00 AM,14.828950
2/10/2020 4:10:00 AM,14.985153
2/10/2020 4:15:00 AM,15.503090
2/10/2020 4:20:00 AM,16.638146
2/10/2020 4:25:00 AM,17.640343
2/10/2020 4:30:00 AM,15.668373
2/10/2020 4:35:00 AM,18.486803
2/10/2020 4:40:00 AM,19.215650
2/10/2020 4:45:00 AM,19.566953
2/10/2020 4:50:00 AM,19.242333
2/10/2020 4:55:00 AM,19.213250
2/10/2020 5:00:00 AM,19.066413
2/10/2020 5:05:00 AM,19.317930
2/10/2020 5:10:00 AM,19.254853
2/10/2020 5:15:00 AM,19.334346
2/10/2020 5:20:00 AM,19.379173
2/10/2020 5:25:00 AM,19.410720
2/10/2020 5:30:00 AM,20.016383
2/10/2020 5:35:00 AM,19.800646
2/10/2020 5:40:00 AM,19.960170
2/10/2020 5:45:00 AM,20.759473
2/10/2020 5:50:00 AM,22.229426
2/10/2020 5:55:00 AM,24.327473
2/10/2020 6:00:00 AM,15.702170
2/10/2020 6:05:00 AM,18.758806
2/10/2020 6:10:00 AM,19.340906
2/10/2020 6:15:00 AM,20.209496
2/10/2020 6:20:00 AM,22.139943
2/10/2020 6:25:00 AM,22.154740
2/10/2020 6:30:00 AM,23.105243
2/10/2020 6:35:00 AM,23.483820
2/10/2020 6:40:00 AM,23.254623
2/10/2020 6:45:00 AM,22.237250
2/10/2020 6:50:00 AM,22.271483
2/10/2020 6:55:00 AM,23.073846
2/10/2020 7:00:00 AM,27.921460
2/10/2020 7:05:00 AM,26.662816
2/10/2020 7:10:00 AM,26.662816
2/10/2020 7:15:00 AM,29.559010
2/10/2020 7:20:00 AM,27.918333
2/10/2020 7:25:00 AM,24.660743
2/10/2020 7:30:00 AM,21.923766
2/10/2020 7:35:00 AM,19.060510
2/10/2020 7:40:00 AM,18.092933
2/10/2020 7:45:00 AM,15.641776
2/10/2020 7:50:00 AM,15.902803
2/10/2020 7:55:00 AM,15.702920
2/10/2020 8:00:00 AM,18.556016
2/10/2020 8:05:00 AM,25.654330
2/10/2020 8:10:00 AM,27.069013
2/10/2020 8:15:00 AM,24.751200
2/10/2020 8:20:00 AM,23.611200
2/10/2020 8:25:00 AM,16.731200
2/10/2020 8:30:00 AM,15.606366
2/10/2020 8:35:00 AM,15.759693
2/10/2020 8:40:00 AM,15.581836
2/10/2020 8:45:00 AM,14.424510
2/10/2020 8:50:00 AM,14.122016
2/10/2020 8:55:00 AM,13.606400
2/10/2020 9:00:00 AM,10.856930
2/10/2020 9:05:00 AM,16.392393
2/10/2020 9:10:00 AM,16.344686
2/10/2020 9:15:00 AM,16.790850
2/10/2020 9:20:00 AM,15.846976
2/10/2020 9:25:00 AM,16.258073
2/10/2020 9:30:00 AM,16.355570
2/10/2020 9:35:00 AM,16.357120
2/10/2020 9:40:00 AM,18.356743
2/10/2020 9:45:00 AM,18.785630
2/10/2020 9:50:00 AM,34.058010
2/10/2020 9:55:00 AM,16.101556
2/10/2020 10:00:00 AM,16.385730
2/10/2020 10:05:00 AM,14.156846
2/10/2020 10:10:00 AM,15.291773
2/10/2020 10:15:00 AM,14.819666
2/10/2020 10:20:00 AM,14.861880
2/10/2020 10:25:00 AM,14.560780
2/10/2020 10:30:00 AM,13.142523
2/10/2020 10:35:00 AM,13.094796
2/10/2020 10:40:00 AM,12.181353
2/10/2020 10:45:00 AM,12.363580
2/10/2020 10:50:00 AM,11.109650
2/10/2020 10:55:00 AM,9.833673
2/10/2020 11:00:00 AM,3.349796
2/10/2020 11:05:00 AM,-0.009693
2/10/2020 11:10:00 AM,-0.009930
2/10/2020 11:15:00 AM,3.324540
2/10/2020 11:20:00 AM,10.985090
2/10/2020 11:25:00 AM,10.301120
2/10/2020 11:30:00 AM,10.969743
2/10/2020 11:35:00 AM,10.735623
2/10/2020 11:40:00 AM,10.645440
2/10/2020 11:45:00 AM,0.000000
2/10/2020 11:50:00 AM,0.000000
2/10/2020 11:55:00 AM,10.284000
2/10/2020 12:00:00 PM,10.266083
2/10/2020 12:05:00 PM,3.324953
2/10/2020 12:10:00 PM,10.184803
2/10/2020 12:15:00 PM,0.000000
2/10/2020 12:20:00 PM,-0.010030
2/10/2020 12:25:00 PM,-0.010080
2/10/2020 12:30:00 PM,-0.010010
2/10/2020 12:35:00 PM,9.445213
2/10/2020 12:40:00 PM,9.445213
2/10/2020 12:45:00 PM,11.380916
2/10/2020 12:50:00 PM,11.351626
2/10/2020 12:55:00 PM,12.982496
2/10/2020 1:00:00 PM,12.391526
2/10/2020 1:05:00 PM,13.082790
2/10/2020 1:10:00 PM,12.391526
2/10/2020 1:15:00 PM,13.002956
2/10/2020 1:20:00 PM,13.326273
2/10/2020 1:25:00 PM,12.460566
2/10/2020 1:30:00 PM,12.431146
2/10/2020 1:35:00 PM,12.430260
2/10/2020 1:40:00 PM,12.430260
2/10/2020 1:45:00 PM,11.863480
2/10/2020 1:50:00 PM,12.110573
2/10/2020 1:55:00 PM,13.004113
2/10/2020 2:00:00 PM,13.155540
2/10/2020 2:05:00 PM,12.385353
2/10/2020 2:10:00 PM,12.269083
2/10/2020 2:15:00 PM,11.060273
2/10/2020 2:20:00 PM,11.086813
2/10/2020 2:25:00 PM,11.607886
2/10/2020 2:30:00 PM,13.189470
2/10/2020 2:45:00 PM,13.000246
2/10/2020 2:50:00 PM,13.122490
2/10/2020 2:55:00 PM,11.890023
2/10/2020 3:00:00 PM,10.945926
2/10/2020 3:05:00 PM,10.687760
2/10/2020 3:10:00 PM,11.058700
2/10/2020 3:15:00 PM,11.082113
2/10/2020 3:20:00 PM,11.428830
2/10/2020 3:25:00 PM,11.898956
2/10/2020 3:30:00 PM,13.765970
2/10/2020 3:35:00 PM,15.576463
2/10/2020 3:40:00 PM,16.090730
2/10/2020 3:45:00 PM,17.410116
2/10/2020 3:50:00 PM,18.775263
2/10/2020 3:55:00 PM,17.854686
2/10/2020 4:00:00 PM,13.274583
2/10/2020 4:05:00 PM,13.121073
2/10/2020 4:10:00 PM,12.686890
2/10/2020 4:15:00 PM,14.960086
2/10/2020 4:20:00 PM,15.782640
2/10/2020 4:25:00 PM,17.863120
2/10/2020 4:30:00 PM,23.863483
2/10/2020 4:35:00 PM,29.775400
2/10/2020 4:40:00 PM,31.603023
2/10/2020 4:45:00 PM,32.200000
2/10/2020 4:50:00 PM,41.010620
2/10/2020 4:55:00 PM,54.267390
2/10/2020 5:00:00 PM,24.181983
2/10/2020 5:05:00 PM,23.451476
2/10/2020 5:10:00 PM,26.513706
2/10/2020 5:15:00 PM,26.730616
2/10/2020 5:20:00 PM,30.251780
2/10/2020 5:25:00 PM,33.474136
2/10/2020 5:30:00 PM,31.983476
2/10/2020 5:35:00 PM,31.918770
2/10/2020 5:40:00 PM,58.942766
2/10/2020 5:45:00 PM,988.266666
2/10/2020 5:50:00 PM,988.266666
2/10/2020 5:55:00 PM,90.519083
2/10/2020 6:00:00 PM,59.664780
2/10/2020 6:05:00 PM,34.408283
2/10/2020 6:10:00 PM,32.782103
2/10/2020 6:15:00 PM,29.096890
2/10/2020 6:20:00 PM,27.569706
2/10/2020 6:25:00 PM,28.110440
2/10/2020 6:30:00 PM,29.211620
2/10/2020 6:35:00 PM,29.443860
2/10/2020 6:40:00 PM,30.335423
2/10/2020 6:45:00 PM,27.972776
2/10/2020 6:50:00 PM,26.491460
2/10/2020 6:55:00 PM,26.861033
2/10/2020 7:00:00 PM,26.087130
2/10/2020 7:05:00 PM,26.429000
2/10/2020 7:10:00 PM,29.315880
2/10/2020 7:15:00 PM,28.030740
2/10/2020 7:20:00 PM,25.569336
2/10/2020 7:25:00 PM,26.586960
2/10/2020 7:30:00 PM,26.226496
2/10/2020 7:35:00 PM,26.826300
2/10/2020 7:40:00 PM,26.708146
2/10/2020 7:45:00 PM,26.223243
2/10/2020 7:50:00 PM,26.142700
2/10/2020 7:55:00 PM,26.254130
2/10/2020 8:00:00 PM,30.394013
2/10/2020 8:05:00 PM,30.354303
2/10/2020 8:10:00 PM,30.391620
2/10/2020 8:15:00 PM,30.183636
2/10/2020 8:20:00 PM,29.891593
2/10/2020 8:25:00 PM,29.042450
2/10/2020 8:30:00 PM,29.086563
2/10/2020 8:35:00 PM,27.101880
2/10/2020 8:40:00 PM,26.698043
2/10/2020 8:45:00 PM,26.539556
2/10/2020 8:50:00 PM,27.514990
2/10/2020 8:55:00 PM,26.711560
2/10/2020 9:00:00 PM,31.690056
2/10/2020 9:05:00 PM,30.831416
2/10/2020 9:10:00 PM,30.831416
2/10/2020 9:15:00 PM,30.961983
2/10/2020 9:20:00 PM,30.085393
2/10/2020 9:25:00 PM,30.068996
2/10/2020 9:30:00 PM,29.506930
2/10/2020 9:35:00 PM,28.483216
2/10/2020 9:40:00 PM,29.609053
2/10/2020 9:45:00 PM,26.625483
2/10/2020 9:50:00 PM,26.057910
2/10/2020 9:55:00 PM,25.693903
2/10/2020 10:00:00 PM,26.990213
2/10/2020 10:05:00 PM,28.165303
2/10/2020 10:10:00 PM,29.934410
2/10/2020 10:15:00 PM,27.797423
2/10/2020 10:20:00 PM,30.003613
2/10/2020 10:25:00 PM,30.003613
2/10/2020 10:30:00 PM,31.247970
2/10/2020 10:35:00 PM,27.680730
2/10/2020 10:40:00 PM,25.194783
2/10/2020 10:45:00 PM,23.993426
2/10/2020 10:50:00 PM,24.509193
2/10/2020 10:55:00 PM,23.492523
2/10/2020 11:00:00 PM,26.839873
2/10/2020 11:05:00 PM,26.257533
2/10/2020 11:10:00 PM,25.090746
2/10/2020 11:15:00 PM,24.929343
2/10/2020 11:20:00 PM,24.767840
2/10/2020 11:25:00 PM,24.675376
2/10/2020 11:30:00 PM,24.275076
2/10/2020 11:35:00 PM,23.163823
2/10/2020 11:40:00 PM,22.421570
2/10/2020 11:45:00 PM,23.645163
2/10/2020 11:50:00 PM,23.473500
2/10/2020 11:55:00 PM,22.599330
2/11/2020 12:00:00 AM,20.248233
2/11/2020 12:05:00 AM,24.770243
2/11/2020 12:10:00 AM,24.149460
2/11/2020 12:15:00 AM,23.582983
2/11/2020 12:20:00 AM,19.554713
2/11/2020 12:25:00 AM,19.554713
2/11/2020 12:30:00 AM,19.605513
2/11/2020 12:35:00 AM,19.657026
2/11/2020 12:40:00 AM,19.615326
2/11/2020 12:45:00 AM,19.108006
2/11/2020 12:50:00 AM,19.108006
2/11/2020 12:55:00 AM,18.946413
2/11/2020 1:00:00 AM,22.769993
2/11/2020 1:05:00 AM,21.901140
2/11/2020 1:10:00 AM,21.954033
2/11/2020 1:15:00 AM,21.616806
2/11/2020 1:20:00 AM,21.510886
2/11/2020 1:25:00 AM,21.528580
2/11/2020 1:30:00 AM,20.979836
2/11/2020 1:35:00 AM,20.276943
2/11/2020 1:40:00 AM,20.276943
2/11/2020 1:45:00 AM,20.286286
2/11/2020 1:50:00 AM,19.106690
2/11/2020 1:55:00 AM,18.472543
2/11/2020 2:00:00 AM,18.537693
2/11/2020 2:05:00 AM,17.951323
2/11/2020 2:10:00 AM,18.461990
2/11/2020 2:15:00 AM,18.798586
2/11/2020 2:20:00 AM,18.691543
2/11/2020 2:25:00 AM,18.494943
2/11/2020 2:30:00 AM,18.020170
2/11/2020 2:35:00 AM,18.020170
2/11/2020 2:40:00 AM,18.020170
2/11/2020 2:45:00 AM,17.669603
2/11/2020 2:50:00 AM,17.641583
2/11/2020 2:55:00 AM,16.771163
2/11/2020 3:00:00 AM,16.822420
2/11/2020 3:05:00 AM,16.460870
2/11/2020 3:10:00 AM,17.093293
2/11/2020 3:15:00 AM,17.747140
2/11/2020 3:20:00 AM,17.959803
2/11/2020 3:25:00 AM,17.959803
2/11/2020 3:30:00 AM,17.416063
2/11/2020 3:35:00 AM,18.048616
2/11/2020 3:40:00 AM,18.516760
2/11/2020 3:45:00 AM,18.520506
2/11/2020 3:50:00 AM,17.995666
2/11/2020 3:55:00 AM,17.995666
2/11/2020 4:00:00 AM,17.966503
2/11/2020 4:05:00 AM,18.188006
2/11/2020 4:10:00 AM,18.655023
2/11/2020 4:15:00 AM,18.450200
2/11/2020 4:20:00 AM,22.766550
2/11/2020 4:25:00 AM,22.766550
2/11/2020 4:30:00 AM,23.454210
2/11/2020 4:35:00 AM,23.486333
2/11/2020 4:40:00 AM,23.887236
2/11/2020 4:45:00 AM,23.899973
2/11/2020 4:50:00 AM,24.152550
2/11/2020 4:55:00 AM,24.152550
2/11/2020 5:00:00 AM,21.793496
2/11/2020 5:05:00 AM,19.544470
2/11/2020 5:10:00 AM,21.264373
2/11/2020 5:15:00 AM,20.267600
2/11/2020 5:20:00 AM,21.314090
2/11/2020 5:25:00 AM,22.032400
2/11/2020 5:30:00 AM,20.704216
2/11/2020 5:35:00 AM,21.431600
2/11/2020 5:40:00 AM,23.196693
2/11/2020 5:45:00 AM,22.700740
2/11/2020 5:50:00 AM,23.445100
2/11/2020 5:55:00 AM,24.104853
2/11/2020 6:00:00 AM,18.464506
2/11/2020 6:05:00 AM,18.584120
2/11/2020 6:10:00 AM,20.002386
2/11/2020 6:15:00 AM,21.507580
2/11/2020 6:20:00 AM,22.232000
2/11/2020 6:25:00 AM,22.730273
2/11/2020 6:30:00 AM,23.616420
2/11/2020 6:35:00 AM,24.170850
2/11/2020 6:40:00 AM,23.739830
2/11/2020 6:45:00 AM,23.866763
2/11/2020 6:50:00 AM,24.006043
2/11/2020 6:55:00 AM,24.085096
2/11/2020 7:00:00 AM,24.085096
2/11/2020 7:05:00 AM,24.416856
2/11/2020 7:10:00 AM,24.007910
2/11/2020 7:15:00 AM,24.686530
2/11/2020 7:20:00 AM,23.482246
2/11/2020 7:25:00 AM,22.066646
2/11/2020 7:30:00 AM,17.306260
2/11/2020 7:35:00 AM,16.995470
2/11/2020 7:40:00 AM,14.805363
2/11/2020 7:45:00 AM,14.067223
2/11/2020 7:50:00 AM,11.248883
2/11/2020 7:55:00 AM,11.337706
2/11/2020 8:00:00 AM,15.795710
2/11/2020 8:05:00 AM,17.002423
2/11/2020 8:10:00 AM,15.977366
2/11/2020 8:15:00 AM,16.237573
2/11/2020 8:20:00 AM,13.499600
2/11/2020 8:25:00 AM,14.399146
2/11/2020 8:30:00 AM,10.682750
2/11/2020 8:35:00 AM,4.452256
2/11/2020 8:40:00 AM,3.498546
2/11/2020 8:45:00 AM,3.444740
2/11/2020 8:50:00 AM,3.424706
2/11/2020 8:55:00 AM,0.009763
2/11/2020 9:00:00 AM,10.699666
2/11/2020 9:05:00 AM,11.055510
2/11/2020 9:10:00 AM,11.601096
2/11/2020 9:15:00 AM,11.078800
2/11/2020 9:20:00 AM,12.558800
2/11/2020 9:25:00 AM,12.558800
2/11/2020 9:30:00 AM,12.090010
2/11/2020 9:35:00 AM,11.310000
2/11/2020 9:40:00 AM,11.517600
2/11/2020 9:45:00 AM,11.520000
2/11/2020 9:50:00 AM,11.818800
2/11/2020 9:55:00 AM,11.118800
2/11/2020 10:00:00 AM,13.208800
2/11/2020 10:05:00 AM,15.138250
2/11/2020 10:10:00 AM,15.257600
2/11/2020 10:15:00 AM,14.449920
2/11/2020 10:20:00 AM,13.557600
2/11/2020 10:25:00 AM,11.967600
2/11/2020 10:30:00 AM,11.008800
2/11/2020 10:35:00 AM,9.748800
2/11/2020 10:40:00 AM,11.464770
2/11/2020 10:45:00 AM,11.337600
2/11/2020 10:50:00 AM,11.661290
2/11/2020 10:55:00 AM,11.008800
2/11/2020 11:00:00 AM,9.167786
2/11/2020 11:05:00 AM,7.494920
2/11/2020 11:10:00 AM,8.098866
2/11/2020 11:15:00 AM,9.917600
2/11/2020 11:20:00 AM,10.137600
2/11/2020 11:25:00 AM,9.990000
2/11/2020 11:30:00 AM,9.998800
2/11/2020 11:35:00 AM,9.990000
2/11/2020 11:40:00 AM,9.990000
2/11/2020 11:45:00 AM,9.748800
2/11/2020 11:50:00 AM,7.045250
2/11/2020 11:55:00 AM,0.000000
2/11/2020 12:00:00 PM,9.565200
2/11/2020 12:05:00 PM,9.917600
2/11/2020 12:10:00 PM,9.917600
2/11/2020 12:15:00 PM,4.286400
2/11/2020 12:20:00 PM,9.748800
2/11/2020 12:25:00 PM,9.997600
2/11/2020 12:30:00 PM,4.297600
2/11/2020 12:35:00 PM,4.287600
2/11/2020 12:40:00 PM,4.297600
2/11/2020 12:45:00 PM,4.287600
2/11/2020 12:50:00 PM,4.297600
2/11/2020 12:55:00 PM,7.997600
2/11/2020 1:00:00 PM,2.392136
2/11/2020 1:05:00 PM,4.312116
2/11/2020 1:10:00 PM,4.312116
2/11/2020 1:15:00 PM,4.909833
2/11/2020 1:20:00 PM,8.099406
2/11/2020 1:25:00 PM,9.622896
2/11/2020 1:30:00 PM,9.622076
2/11/2020 1:35:00 PM,9.622076
2/11/2020 1:40:00 PM,9.936660
2/11/2020 1:45:00 PM,11.994023
2/11/2020 1:50:00 PM,9.851433
2/11/2020 1:55:00 PM,9.834283
2/11/2020 2:00:00 PM,9.212886
2/11/2020 2:05:00 PM,9.468600
2/11/2020 2:10:00 PM,2.419606
2/11/2020 2:15:00 PM,-0.010170
2/11/2020 2:20:00 PM,-0.009896
2/11/2020 2:25:00 PM,0.009613
2/11/2020 2:30:00 PM,-0.009906
2/11/2020 2:35:00 PM,0.000000
2/11/2020 2:40:00 PM,-0.009906
2/11/2020 2:45:00 PM,-0.009903
2/11/2020 2:50:00 PM,-0.009886
2/11/2020 2:55:00 PM,2.413590
2/11/2020 3:00:00 PM,9.787923
2/11/2020 3:05:00 PM,11.155053
2/11/2020 3:10:00 PM,9.828396
2/11/2020 3:15:00 PM,2.501716
2/11/2020 3:20:00 PM,10.018760
2/11/2020 3:25:00 PM,11.280610
2/11/2020 3:30:00 PM,11.193763
2/11/2020 3:35:00 PM,12.048200
2/11/2020 3:40:00 PM,12.600546
2/11/2020 3:45:00 PM,13.614746
2/11/2020 3:50:00 PM,13.681773
2/11/2020 3:55:00 PM,13.172603
2/11/2020 4:00:00 PM,9.748800
2/11/2020 4:05:00 PM,11.688800
2/11/2020 4:10:00 PM,13.778800
2/11/2020 4:15:00 PM,13.778800
2/11/2020 4:20:00 PM,19.733600
2/11/2020 4:25:00 PM,24.881200
2/11/2020 4:30:00 PM,19.591170
2/11/2020 4:35:00 PM,20.990000
2/11/2020 4:40:00 PM,28.430490
2/11/2020 4:45:00 PM,25.191200
2/11/2020 4:50:00 PM,28.710000
2/11/2020 4:55:00 PM,28.566880
2/11/2020 5:00:00 PM,22.636770
2/11/2020 5:05:00 PM,22.388850
2/11/2020 5:10:00 PM,23.453883
2/11/2020 5:15:00 PM,25.326573
2/11/2020 5:20:00 PM,25.121120
2/11/2020 5:25:00 PM,25.587226
2/11/2020 5:30:00 PM,29.870000
2/11/2020 5:35:00 PM,28.710000
2/11/2020 5:40:00 PM,40.609110
2/11/2020 5:45:00 PM,998.301733
2/11/2020 5:50:00 PM,1000.000000
2/11/2020 5:55:00 PM,1000.000000
2/11/2020 6:00:00 PM,39.365086
2/11/2020 6:05:00 PM,31.245320
2/11/2020 6:10:00 PM,31.245320
2/11/2020 6:15:00 PM,33.556450
2/11/2020 6:20:00 PM,31.209520
2/11/2020 6:25:00 PM,29.929460
2/11/2020 6:30:00 PM,30.889293
2/11/2020 6:35:00 PM,34.263330
2/11/2020 6:40:00 PM,34.263330
2/11/2020 6:45:00 PM,34.716860
2/11/2020 6:50:00 PM,33.124496
2/11/2020 6:55:00 PM,29.710196
2/11/2020 7:00:00 PM,29.702343
2/11/2020 7:05:00 PM,29.705323
2/11/2020 7:10:00 PM,29.705323
2/11/2020 7:15:00 PM,30.270193
2/11/2020 7:20:00 PM,30.270193
2/11/2020 7:25:00 PM,29.654850
2/11/2020 7:30:00 PM,29.580666
2/11/2020 7:35:00 PM,29.580666
2/11/2020 7:40:00 PM,29.580666
2/11/2020 7:45:00 PM,29.601816
2/11/2020 7:50:00 PM,29.601816
2/11/2020 7:55:00 PM,29.732190
2/11/2020 8:00:00 PM,30.938170
2/11/2020 8:05:00 PM,38.984063
2/11/2020 8:10:00 PM,39.046116
2/11/2020 8:15:00 PM,36.308266
2/11/2020 8:20:00 PM,35.588440
2/11/2020 8:25:00 PM,30.542276
2/11/2020 8:30:00 PM,29.691096
2/11/2020 8:35:00 PM,29.691096
2/11/2020 8:40:00 PM,29.691096
2/11/2020 8:45:00 PM,29.632650
2/11/2020 8:50:00 PM,29.632650
2/11/2020 8:55:00 PM,27.108873
2/11/2020 9:00:00 PM,30.668120
2/11/2020 9:05:00 PM,31.344456
2/11/2020 9:10:00 PM,30.777213
2/11/2020 9:15:00 PM,30.960666
2/11/2020 9:20:00 PM,30.400940
2/11/2020 9:25:00 PM,29.928333
2/11/2020 9:30:00 PM,47.499803
2/11/2020 9:35:00 PM,47.011680
2/11/2020 9:40:00 PM,47.603706
2/11/2020 9:45:00 PM,113.970390
2/11/2020 9:50:00 PM,51.471736
2/11/2020 9:55:00 PM,41.429763
2/11/2020 10:00:00 PM,49.066420
2/11/2020 10:05:00 PM,50.175986
2/11/2020 10:10:00 PM,45.910033
2/11/2020 10:15:00 PM,41.260376
2/11/2020 10:20:00 PM,29.586066
2/11/2020 10:25:00 PM,28.564340
2/11/2020 10:30:00 PM,31.052630
2/11/2020 10:35:00 PM,28.371376
2/11/2020 10:40:00 PM,29.112830
2/11/2020 10:45:00 PM,26.378200
2/11/2020 10:50:00 PM,25.662896
2/11/2020 10:55:00 PM,24.626946
2/11/2020 11:00:00 PM,26.627880
2/11/2020 11:05:00 PM,25.986713
2/11/2020 11:10:00 PM,26.175766
2/11/2020 11:15:00 PM,26.310410
2/11/2020 11:20:00 PM,26.002376
2/11/2020 11:25:00 PM,26.264610
2/11/2020 11:30:00 PM,24.515666
2/11/2020 11:35:00 PM,23.185440
2/11/2020 11:40:00 PM,24.077926
2/11/2020 11:45:00 PM,24.525786
2/11/2020 11:50:00 PM,24.424256
2/11/2020 11:55:00 PM,24.525786
2/12/2020 12:00:00 AM,24.322456
2/12/2020 12:05:00 AM,25.033643
2/12/2020 12:10:00 AM,26.595553
2/12/2020 12:15:00 AM,24.899436
2/12/2020 12:20:00 AM,24.899436
2/12/2020 12:25:00 AM,24.324580
2/12/2020 12:30:00 AM,24.324380
2/12/2020 12:35:00 AM,24.611133
2/12/2020 12:40:00 AM,24.611133
2/12/2020 12:45:00 AM,24.620963
2/12/2020 12:50:00 AM,24.620963
2/12/2020 12:55:00 AM,24.229166
2/12/2020 1:00:00 AM,23.931370
2/12/2020 1:05:00 AM,23.439906
2/12/2020 1:10:00 AM,22.092956
2/12/2020 1:15:00 AM,21.916286
2/12/2020 1:20:00 AM,21.418776
2/12/2020 1:25:00 AM,21.167723
2/12/2020 1:30:00 AM,20.292676
2/12/2020 1:35:00 AM,19.623233
2/12/2020 1:40:00 AM,19.552470
2/12/2020 1:45:00 AM,19.133060
2/12/2020 1:50:00 AM,16.926773
2/12/2020 1:55:00 AM,16.596156
2/12/2020 2:00:00 AM,18.870226
2/12/2020 2:05:00 AM,18.870226
2/12/2020 2:10:00 AM,19.094490
2/12/2020 2:15:00 AM,18.764880
2/12/2020 2:20:00 AM,19.178953
2/12/2020 2:25:00 AM,18.826750
2/12/2020 2:30:00 AM,18.763256
2/12/2020 2:35:00 AM,19.181223
2/12/2020 2:40:00 AM,18.861546
2/12/2020 2:45:00 AM,18.865656
2/12/2020 2:50:00 AM,19.173406
2/12/2020 2:55:00 AM,20.047033
2/12/2020 3:00:00 AM,22.924823
2/12/2020 3:05:00 AM,19.130500
2/12/2020 3:10:00 AM,20.316956
2/12/2020 3:15:00 AM,16.565790
2/12/2020 3:20:00 AM,19.187296
2/12/2020 3:25:00 AM,18.807653
2/12/2020 3:30:00 AM,18.810386
2/12/2020 3:35:00 AM,19.555010
2/12/2020 3:40:00 AM,19.555010
2/12/2020 3:45:00 AM,19.542520
2/12/2020 3:50:00 AM,20.286666
2/12/2020 3:55:00 AM,20.026566
2/12/2020 4:00:00 AM,16.345140
2/12/2020 4:05:00 AM,18.150983
2/12/2020 4:10:00 AM,18.150983
2/12/2020 4:15:00 AM,18.243963
2/12/2020 4:20:00 AM,21.279323
2/12/2020 4:25:00 AM,21.943886
2/12/2020 4:30:00 AM,22.115610
2/12/2020 4:35:00 AM,22.115610
2/12/2020 4:40:00 AM,22.115610
2/12/2020 4:45:00 AM,24.309600
2/12/2020 4:50:00 AM,22.326026
2/12/2020 4:55:00 AM,22.639336
2/12/2020 5:00:00 AM,19.874140
2/12/2020 5:05:00 AM,20.678306
2/12/2020 5:10:00 AM,21.385930
2/12/2020 5:15:00 AM,22.019246
2/12/2020 5:20:00 AM,22.019246
2/12/2020 5:25:00 AM,23.373280
2/12/2020 5:30:00 AM,24.740313
2/12/2020 5:35:00 AM,24.740313
2/12/2020 5:40:00 AM,24.274123
2/12/2020 5:45:00 AM,24.837726
2/12/2020 5:50:00 AM,24.837726
2/12/2020 5:55:00 AM,28.139290
2/12/2020 6:00:00 AM,24.890000
2/12/2020 6:05:00 AM,24.890000
2/12/2020 6:10:00 AM,25.533886
2/12/2020 6:15:00 AM,23.141470
2/12/2020 6:20:00 AM,26.844300
2/12/2020 6:25:00 AM,28.300000
2/12/2020 6:30:00 AM,28.133566
2/12/2020 6:35:00 AM,29.225663
2/12/2020 6:40:00 AM,29.225663
2/12/2020 6:45:00 AM,29.439010
2/12/2020 6:50:00 AM,29.439010
2/12/2020 6:55:00 AM,29.439010
2/12/2020 7:00:00 AM,31.109703
2/12/2020 7:05:00 AM,31.371583
2/12/2020 7:10:00 AM,43.862676
2/12/2020 7:15:00 AM,44.581916
2/12/2020 7:20:00 AM,35.320446
2/12/2020 7:25:00 AM,29.161623
2/12/2020 7:30:00 AM,26.424460
2/12/2020 7:35:00 AM,16.394103
2/12/2020 7:40:00 AM,16.441943
2/12/2020 7:45:00 AM,14.460296
2/12/2020 7:50:00 AM,14.875803
2/12/2020 7:55:00 AM,14.460296
2/12/2020 8:00:00 AM,15.274926
2/12/2020 8:05:00 AM,16.538780
2/12/2020 8:10:00 AM,23.907006
2/12/2020 8:15:00 AM,20.709946
2/12/2020 8:20:00 AM,15.147073
2/12/2020 8:25:00 AM,12.952430
2/12/2020 8:30:00 AM,12.952430
2/12/2020 8:35:00 AM,15.907916
2/12/2020 8:40:00 AM,14.752570
2/12/2020 8:45:00 AM,12.229700
2/12/2020 8:50:00 AM,9.808246
2/12/2020 8:55:00 AM,11.946086
2/12/2020 9:00:00 AM,14.675430
2/12/2020 9:05:00 AM,16.063350
2/12/2020 9:10:00 AM,16.316063
2/12/2020 9:15:00 AM,16.315123
2/12/2020 9:20:00 AM,17.320513
2/12/2020 9:25:00 AM,16.315123
2/12/2020 9:30:00 AM,15.624193
2/12/2020 9:35:00 AM,14.201520
2/12/2020 9:40:00 AM,13.038543
2/12/2020 9:45:00 AM,12.276903
2/12/2020 9:50:00 AM,12.162153
2/12/2020 9:55:00 AM,12.162153
2/12/2020 10:00:00 AM,13.132546
2/12/2020 10:05:00 AM,14.495910
2/12/2020 10:10:00 AM,14.669106
2/12/2020 10:15:00 AM,14.918573
2/12/2020 10:20:00 AM,14.221833
2/12/2020 10:25:00 AM,12.704573
2/12/2020 10:30:00 AM,12.006030
2/12/2020 10:35:00 AM,11.317853
2/12/2020 10:40:00 AM,10.718806
2/12/2020 10:45:00 AM,10.800763
2/12/2020 10:50:00 AM,10.800763
2/12/2020 10:55:00 AM,10.252363
2/12/2020 11:00:00 AM,11.967200
2/12/2020 11:05:00 AM,11.984706
2/12/2020 11:10:00 AM,12.036330
2/12/2020 11:15:00 AM,12.016656
2/12/2020 11:20:00 AM,12.242616
2/12/2020 11:25:00 AM,12.728766
2/12/2020 11:30:00 AM,13.624033
2/12/2020 11:35:00 AM,12.811856
2/12/2020 11:40:00 AM,13.634546
2/12/2020 11:45:00 AM,13.715033
2/12/2020 11:50:00 AM,13.706473
2/12/2020 11:55:00 AM,13.481763
2/12/2020 12:00:00 PM,13.588536
2/12/2020 12:05:00 PM,14.084663
2/12/2020 12:10:00 PM,13.768883
2/12/2020 12:15:00 PM,13.707836
2/12/2020 12:20:00 PM,13.707836
2/12/2020 12:25:00 PM,14.024840
2/12/2020 12:30:00 PM,14.134056
2/12/2020 12:35:00 PM,14.568506
2/12/2020 12:40:00 PM,14.568506
2/12/2020 12:45:00 PM,14.448143
2/12/2020 12:50:00 PM,14.139176
2/12/2020 12:55:00 PM,14.144946
2/12/2020 1:00:00 PM,13.969873
2/12/2020 1:05:00 PM,13.733773
2/12/2020 1:10:00 PM,13.733773
2/12/2020 1:15:00 PM,13.695943
2/12/2020 1:20:00 PM,15.468210
2/12/2020 1:25:00 PM,14.467176
2/12/2020 1:30:00 PM,14.119590
2/12/2020 1:35:00 PM,14.124396
2/12/2020 1:40:00 PM,14.124396
2/12/2020 1:45:00 PM,14.372930
2/12/2020 1:50:00 PM,14.105953
2/12/2020 1:55:00 PM,13.721563
2/12/2020 2:00:00 PM,13.790080
2/12/2020 2:05:00 PM,13.790080
2/12/2020 2:10:00 PM,13.790080
2/12/2020 2:15:00 PM,13.437133
2/12/2020 2:20:00 PM,13.785736
2/12/2020 2:25:00 PM,13.785736
2/12/2020 2:55:00 PM,14.183250
2/12/2020 3:00:00 PM,14.192816
2/12/2020 3:05:00 PM,14.249856
2/12/2020 3:10:00 PM,13.724560
2/12/2020 3:15:00 PM,13.719220
2/12/2020 3:20:00 PM,14.169893
2/12/2020 3:25:00 PM,15.673080
2/12/2020 3:30:00 PM,15.734280
2/12/2020 3:35:00 PM,18.886973
2/12/2020 3:40:00 PM,17.585426
2/12/2020 3:45:00 PM,21.024510
2/12/2020 3:50:00 PM,19.759213
2/12/2020 3:55:00 PM,17.173866
2/12/2020 4:00:00 PM,12.025900
2/12/2020 4:05:00 PM,10.852323
2/12/2020 4:10:00 PM,11.687916
2/12/2020 4:15:00 PM,12.772973
2/12/2020 4:20:00 PM,14.408763
2/12/2020 4:25:00 PM,18.831703
2/12/2020 4:30:00 PM,17.524116
2/12/2020 4:35:00 PM,21.713656
2/12/2020 4:40:00 PM,24.874673
2/12/2020 4:45:00 PM,23.470880
2/12/2020 4:50:00 PM,28.475986
2/12/2020 4:55:00 PM,27.960120
2/12/2020 5:00:00 PM,23.708440
2/12/2020 5:05:00 PM,23.345243
2/12/2020 5:10:00 PM,23.523220
2/12/2020 5:15:00 PM,24.662940
2/12/2020 5:20:00 PM,28.473133
2/12/2020 5:25:00 PM,31.289526
2/12/2020 5:30:00 PM,29.788600
2/12/2020 5:35:00 PM,30.684306
2/12/2020 5:40:00 PM,33.196490
2/12/2020 5:45:00 PM,33.228970
2/12/2020 5:50:00 PM,42.757720
2/12/2020 5:55:00 PM,32.290106
2/12/2020 6:00:00 PM,33.074036
2/12/2020 6:05:00 PM,31.750430
2/12/2020 6:10:00 PM,32.563603
2/12/2020 6:15:00 PM,33.209100
2/12/2020 6:20:00 PM,33.493453
2/12/2020 6:25:00 PM,32.086483
2/12/2020 6:30:00 PM,32.805120
2/12/2020 6:35:00 PM,32.144643
2/12/2020 6:40:00 PM,31.231840
2/12/2020 6:45:00 PM,30.573000
2/12/2020 6:50:00 PM,29.728253
2/12/2020 6:55:00 PM,29.801466
2/12/2020 7:00:00 PM,31.860576
2/12/2020 7:05:00 PM,31.879086
2/12/2020 7:10:00 PM,31.965613
2/12/2020 7:15:00 PM,31.333900
2/12/2020 7:20:00 PM,31.739970
2/12/2020 7:25:00 PM,31.605080
2/12/2020 7:30:00 PM,30.347440
2/12/2020 7:35:00 PM,31.678883
2/12/2020 7:40:00 PM,30.521813
2/12/2020 7:45:00 PM,29.891526
2/12/2020 7:50:00 PM,31.637750
2/12/2020 7:55:00 PM,31.015823
2/12/2020 8:00:00 PM,34.184740
2/12/2020 8:05:00 PM,33.819533
2/12/2020 8:10:00 PM,34.085553
2/12/2020 8:15:00 PM,34.218110
2/12/2020 8:20:00 PM,33.178440
2/12/2020 8:25:00 PM,33.165696
2/12/2020 8:30:00 PM,33.000173
2/12/2020 8:35:00 PM,32.566590
2/12/2020 8:40:00 PM,32.154016
2/12/2020 8:45:00 PM,30.032300
2/12/2020 8:50:00 PM,30.032300
2/12/2020 8:55:00 PM,29.571243
2/12/2020 9:00:00 PM,31.892840
2/12/2020 9:05:00 PM,31.829630
2/12/2020 9:10:00 PM,33.170453
2/12/2020 9:15:00 PM,32.722296
2/12/2020 9:20:00 PM,32.007436
2/12/2020 9:25:00 PM,30.233853
2/12/2020 9:30:00 PM,30.726943
2/12/2020 9:35:00 PM,29.304940
2/12/2020 9:40:00 PM,28.636993
2/12/2020 9:45:00 PM,28.488163
2/12/2020 9:50:00 PM,29.157743
2/12/2020 9:55:00 PM,28.567910
2/12/2020 10:00:00 PM,31.678896
2/12/2020 10:05:00 PM,30.025050
2/12/2020 10:10:00 PM,29.312266
2/12/2020 10:15:00 PM,30.233853
2/12/2020 10:20:00 PM,29.988130
2/12/2020 10:25:00 PM,30.287210
2/12/2020 10:30:00 PM,27.793240
2/12/2020 10:35:00 PM,27.795586
2/12/2020 10:40:00 PM,27.793240
2/12/2020 10:45:00 PM,26.456700
2/12/2020 10:50:00 PM,25.614466
2/12/2020 10:55:00 PM,24.735846
2/12/2020 11:00:00 PM,27.154173
2/12/2020 11:05:00 PM,26.956550
2/12/2020 11:10:00 PM,27.884696
2/12/2020 11:15:00 PM,25.907540
2/12/2020 11:20:00 PM,27.391916
2/12/2020 11:25:00 PM,26.076976
2/12/2020 11:30:00 PM,26.260406
2/12/2020 11:35:00 PM,25.887383
2/12/2020 11:40:00 PM,24.370506
2/12/2020 11:45:00 PM,24.774630
2/12/2020 11:50:00 PM,23.942113
2/12/2020 11:55:00 PM,23.676096
2/13/2020 12:00:00 AM,26.361790
2/13/2020 12:05:00 AM,27.243303
2/13/2020 12:10:00 AM,27.838066
2/13/2020 12:15:00 AM,26.667230
2/13/2020 12:20:00 AM,26.437240
2/13/2020 12:25:00 AM,26.437240
2/13/2020 12:30:00 AM,26.280596
2/13/2020 12:35:00 AM,26.280596
2/13/2020 12:40:00 AM,26.280596
2/13/2020 12:45:00 AM,26.254750
2/13/2020 12:50:00 AM,26.254750
2/13/2020 12:55:00 AM,26.254473
2/13/2020 1:00:00 AM,26.193040
2/13/2020 1:05:00 AM,26.193040
2/13/2020 1:10:00 AM,26.193040
2/13/2020 1:15:00 AM,26.207080
2/13/2020 1:20:00 AM,26.207080
2/13/2020 1:25:00 AM,26.207080
2/13/2020 1:30:00 AM,26.165506
2/13/2020 1:35:00 AM,26.165506
2/13/2020 1:40:00 AM,26.165506
2/13/2020 1:45:00 AM,26.125250
2/13/2020 1:50:00 AM,26.125250
2/13/2020 1:55:00 AM,24.842390
2/13/2020 2:00:00 AM,21.813446
2/13/2020 2:05:00 AM,21.796370
2/13/2020 2:10:00 AM,21.960986
2/13/2020 2:15:00 AM,21.457173
2/13/2020 2:20:00 AM,21.963153
2/13/2020 2:25:00 AM,21.963153
2/13/2020 2:30:00 AM,21.975783
2/13/2020 2:35:00 AM,21.973456
2/13/2020 2:40:00 AM,22.049193
2/13/2020 2:45:00 AM,21.971966
2/13/2020 2:50:00 AM,21.431550
2/13/2020 2:55:00 AM,19.976496
2/13/2020 3:00:00 AM,21.011660
2/13/2020 3:05:00 AM,21.011660
2/13/2020 3:10:00 AM,21.421196
2/13/2020 3:15:00 AM,21.013846
2/13/2020 3:20:00 AM,21.323123
2/13/2020 3:25:00 AM,21.423250
2/13/2020 3:30:00 AM,21.435000
2/13/2020 3:35:00 AM,21.858193
2/13/2020 3:40:00 AM,21.969830
2/13/2020 3:45:00 AM,21.961633
2/13/2020 3:50:00 AM,21.964703
2/13/2020 3:55:00 AM,22.099436
2/13/2020 4:00:00 AM,19.145686
2/13/2020 4:05:00 AM,20.463766
2/13/2020 4:10:00 AM,20.506070
2/13/2020 4:15:00 AM,21.410806
2/13/2020 4:20:00 AM,21.410806
2/13/2020 4:25:00 AM,21.958720
2/13/2020 4:30:00 AM,25.233540
2/13/2020 4:35:00 AM,26.465810
2/13/2020 4:40:00 AM,26.465810
2/13/2020 4:45:00 AM,26.491186
2/13/2020 4:50:00 AM,26.491186
2/13/2020 4:55:00 AM,26.491186
2/13/2020 5:00:00 AM,26.041823
2/13/2020 5:05:00 AM,26.333180
2/13/2020 5:10:00 AM,26.333180
2/13/2020 5:15:00 AM,26.298323
2/13/2020 5:20:00 AM,27.392816
2/13/2020 5:25:00 AM,26.298323
2/13/2020 5:30:00 AM,26.493500
2/13/2020 5:35:00 AM,26.493500
2/13/2020 5:40:00 AM,28.310250
2/13/2020 5:45:00 AM,26.192436
2/13/2020 5:50:00 AM,29.294526
2/13/2020 5:55:00 AM,30.215156
2/13/2020 6:00:00 AM,25.851140
2/13/2020 6:05:00 AM,29.234840
2/13/2020 6:10:00 AM,29.790900
2/13/2020 6:15:00 AM,31.130840
2/13/2020 6:20:00 AM,31.133976
2/13/2020 6:25:00 AM,32.795616
2/13/2020 6:30:00 AM,37.892680
2/13/2020 6:35:00 AM,38.399793
2/13/2020 6:40:00 AM,38.729290
2/13/2020 6:45:00 AM,38.962760
2/13/2020 6:50:00 AM,38.962760
2/13/2020 6:55:00 AM,38.586686
2/13/2020 7:00:00 AM,37.389696
2/13/2020 7:05:00 AM,38.160090
2/13/2020 7:10:00 AM,34.080246
2/13/2020 7:15:00 AM,32.033430
2/13/2020 7:20:00 AM,31.503710
2/13/2020 7:25:00 AM,28.055763
2/13/2020 7:30:00 AM,27.716120
2/13/2020 7:35:00 AM,24.051696
2/13/2020 7:40:00 AM,21.956743
2/13/2020 7:45:00 AM,21.469510
2/13/2020 7:50:00 AM,18.959583
2/13/2020 7:55:00 AM,19.113506
2/13/2020 8:00:00 AM,26.743990
2/13/2020 8:05:00 AM,26.743990
2/13/2020 8:10:00 AM,23.342713
2/13/2020 8:15:00 AM,19.624066
2/13/2020 8:20:00 AM,15.168526
2/13/2020 8:25:00 AM,14.810840
2/13/2020 8:30:00 AM,15.476380
2/13/2020 8:35:00 AM,14.840633
2/13/2020 8:40:00 AM,14.471070
2/13/2020 8:45:00 AM,13.317510
2/13/2020 8:50:00 AM,12.949036
2/13/2020 8:55:00 AM,12.815620
2/13/2020 9:00:00 AM,14.277706
2/13/2020 9:05:00 AM,15.460673
2/13/2020 9:10:00 AM,16.448606
2/13/2020 9:15:00 AM,18.600840
2/13/2020 9:20:00 AM,19.371246
2/13/2020 9:25:00 AM,19.505856
2/13/2020 9:30:00 AM,20.325310
2/13/2020 9:35:00 AM,17.513446
2/13/2020 9:40:00 AM,18.525123
2/13/2020 9:45:00 AM,17.349703
2/13/2020 9:50:00 AM,16.373563
2/13/2020 9:55:00 AM,17.060483
2/13/2020 10:00:00 AM,19.514753
2/13/2020 10:05:00 AM,19.562706
2/13/2020 10:10:00 AM,19.876086
2/13/2020 10:15:00 AM,20.011093
2/13/2020 10:20:00 AM,19.938300
2/13/2020 10:25:00 AM,19.495180
2/13/2020 10:30:00 AM,18.534090
2/13/2020 10:35:00 AM,18.532933
2/13/2020 10:40:00 AM,18.498313
2/13/2020 10:45:00 AM,18.467516
2/13/2020 10:50:00 AM,18.467516
2/13/2020 10:55:00 AM,18.467516
2/13/2020 11:00:00 AM,18.962690
2/13/2020 11:05:00 AM,20.046480
2/13/2020 11:10:00 AM,16.473766
2/13/2020 11:15:00 AM,16.368616
2/13/2020 11:20:00 AM,16.349323
2/13/2020 11:25:00 AM,16.339676
2/13/2020 11:30:00 AM,16.134156
2/13/2020 11:35:00 AM,16.134156
2/13/2020 11:40:00 AM,15.073010
2/13/2020 11:45:00 AM,15.226400
2/13/2020 11:50:00 AM,15.208800
2/13/2020 11:55:00 AM,14.767600
2/13/2020 12:00:00 PM,15.085910
2/13/2020 12:05:00 PM,14.694180
2/13/2020 12:10:00 PM,14.884330
2/13/2020 12:15:00 PM,14.566250
2/13/2020 12:20:00 PM,14.353473
2/13/2020 12:25:00 PM,14.353473
2/13/2020 12:30:00 PM,14.280293
2/13/2020 12:35:00 PM,14.702156
2/13/2020 12:40:00 PM,14.510280
2/13/2020 12:45:00 PM,14.766400
2/13/2020 12:50:00 PM,14.927600
2/13/2020 12:55:00 PM,15.707600
2/13/2020 1:00:00 PM,14.802673
2/13/2020 1:05:00 PM,14.901680
2/13/2020 1:10:00 PM,14.365343
2/13/2020 1:15:00 PM,14.272476
2/13/2020 1:20:00 PM,14.205826
2/13/2020 1:25:00 PM,14.235950
2/13/2020 1:30:00 PM,14.152960
2/13/2020 1:35:00 PM,13.231900
2/13/2020 1:40:00 PM,13.433633
2/13/2020 1:45:00 PM,13.306103
2/13/2020 1:50:00 PM,13.658780
2/13/2020 1:55:00 PM,13.683873
2/13/2020 2:00:00 PM,13.772620
2/13/2020 2:05:00 PM,14.025816
2/13/2020 2:10:00 PM,13.096366
2/13/2020 2:15:00 PM,10.965720
2/13/2020 2:20:00 PM,11.389696
2/13/2020 2:25:00 PM,11.374593
2/13/2020 2:30:00 PM,11.804610
2/13/2020 2:35:00 PM,10.363550
2/13/2020 2:40:00 PM,11.156796
2/13/2020 2:45:00 PM,11.854040
2/13/2020 2:50:00 PM,11.195250
2/13/2020 2:55:00 PM,11.642566
2/13/2020 3:00:00 PM,10.988910
2/13/2020 3:05:00 PM,11.538903
2/13/2020 3:10:00 PM,11.313440
2/13/2020 3:15:00 PM,11.384150
2/13/2020 3:20:00 PM,12.551750
2/13/2020 3:25:00 PM,14.407323
2/13/2020 3:30:00 PM,14.620450
2/13/2020 3:35:00 PM,16.228703
2/13/2020 3:40:00 PM,20.123453
2/13/2020 3:45:00 PM,19.079940
2/13/2020 3:50:00 PM,20.791813
2/13/2020 3:55:00 PM,17.533950
2/13/2020 4:00:00 PM,10.219686
2/13/2020 4:05:00 PM,7.737513
2/13/2020 4:10:00 PM,10.731840
2/13/2020 4:15:00 PM,12.544400
2/13/2020 4:20:00 PM,14.205036
2/13/2020 4:25:00 PM,18.541410
2/13/2020 4:30:00 PM,23.318233
2/13/2020 4:35:00 PM,25.079693
2/13/2020 4:40:00 PM,28.214823
2/13/2020 4:45:00 PM,28.536386
2/13/2020 4:50:00 PM,28.221136
2/13/2020 4:55:00 PM,34.476770
2/13/2020 5:00:00 PM,23.261470
2/13/2020 5:05:00 PM,24.295540
2/13/2020 5:10:00 PM,23.637623
2/13/2020 5:15:00 PM,26.981206
2/13/2020 5:20:00 PM,27.068283
2/13/2020 5:25:00 PM,26.498803
2/13/2020 5:30:00 PM,33.315193
2/13/2020 5:35:00 PM,35.107640
2/13/2020 5:40:00 PM,35.041333
2/13/2020 5:45:00 PM,34.928636
2/13/2020 5:50:00 PM,33.816233
2/13/2020 5:55:00 PM,33.701380
2/13/2020 6:00:00 PM,33.514046
2/13/2020 6:05:00 PM,31.773913
2/13/2020 6:10:00 PM,27.595850
2/13/2020 6:15:00 PM,28.023526
2/13/2020 6:20:00 PM,27.844603
2/13/2020 6:25:00 PM,27.643300
2/13/2020 6:30:00 PM,27.810073
2/13/2020 6:35:00 PM,27.327610
2/13/2020 6:40:00 PM,27.275216
2/13/2020 6:45:00 PM,27.310943
2/13/2020 6:50:00 PM,26.996276
2/13/2020 6:55:00 PM,25.543413
2/13/2020 7:00:00 PM,28.290593
2/13/2020 7:05:00 PM,27.911270
2/13/2020 7:10:00 PM,28.186460
2/13/2020 7:15:00 PM,26.487930
2/13/2020 7:20:00 PM,27.712593
2/13/2020 7:25:00 PM,27.721440
2/13/2020 7:30:00 PM,27.179546
2/13/2020 7:35:00 PM,27.586250
2/13/2020 7:40:00 PM,31.661406
2/13/2020 7:45:00 PM,34.980350
2/13/2020 7:50:00 PM,34.637466
2/13/2020 7:55:00 PM,34.617256
2/13/2020 8:00:00 PM,34.714676
2/13/2020 8:05:00 PM,34.715013
2/13/2020 8:10:00 PM,35.855026
2/13/2020 8:15:00 PM,36.581366
2/13/2020 8:20:00 PM,34.877213
2/13/2020 8:25:00 PM,34.872860
2/13/2020 8:30:00 PM,34.714720
2/13/2020 8:35:00 PM,34.763110
2/13/2020 8:40:00 PM,33.646156
2/13/2020 8:45:00 PM,33.429876
2/13/2020 8:50:00 PM,31.620800
2/13/2020 8:55:00 PM,30.367433
2/13/2020 9:00:00 PM,35.624150
2/13/2020 9:05:00 PM,35.538790
2/13/2020 9:10:00 PM,35.538630
2/13/2020 9:15:00 PM,35.658670
2/13/2020 9:20:00 PM,37.003533
2/13/2020 9:25:00 PM,35.594543
2/13/2020 9:30:00 PM,35.379893
2/13/2020 9:35:00 PM,35.314886
2/13/2020 9:40:00 PM,35.369236
2/13/2020 9:45:00 PM,33.578733
2/13/2020 9:50:00 PM,30.113090
2/13/2020 9:55:00 PM,26.864703
2/13/2020 10:00:00 PM,26.897600
2/13/2020 10:05:00 PM,26.987063
2/13/2020 10:10:00 PM,26.633456
2/13/2020 10:15:00 PM,26.918333
2/13/2020 10:20:00 PM,26.962433
2/13/2020 10:25:00 PM,27.229456
2/13/2020 10:30:00 PM,26.821676
2/13/2020 10:35:00 PM,28.524260
2/13/2020 10:40:00 PM,27.344776
2/13/2020 10:45:00 PM,27.168316
2/13/2020 10:50:00 PM,27.168316
2/13/2020 10:55:00 PM,26.552703
2/13/2020 11:00:00 PM,28.597313
2/13/2020 11:05:00 PM,28.266820
2/13/2020 11:10:00 PM,27.719566
2/13/2020 11:15:00 PM,27.713623
2/13/2020 11:20:00 PM,27.700676
2/13/2020 11:25:00 PM,27.368696
2/13/2020 11:30:00 PM,27.559420
2/13/2020 11:35:00 PM,27.285240
2/13/2020 11:40:00 PM,27.153623
2/13/2020 11:45:00 PM,26.808710
2/13/2020 11:50:00 PM,26.283170
2/13/2020 11:55:00 PM,27.018710
2/14/2020 12:00:00 AM,24.737510
2/14/2020 12:05:00 AM,25.250446
2/14/2020 12:10:00 AM,24.737510
2/14/2020 12:15:00 AM,24.727646
2/14/2020 12:20:00 AM,25.077183
2/14/2020 12:25:00 AM,25.042530
2/14/2020 12:30:00 AM,25.033063
2/14/2020 12:35:00 AM,25.213516
2/14/2020 12:40:00 AM,25.235323
2/14/2020 12:45:00 AM,29.841003
2/14/2020 12:50:00 AM,26.576926
2/14/2020 12:55:00 AM,24.182210
2/14/2020 1:00:00 AM,23.134310
2/14/2020 1:05:00 AM,26.417686
2/14/2020 1:10:00 AM,23.991973
2/14/2020 1:15:00 AM,24.327430
2/14/2020 1:20:00 AM,25.395626
2/14/2020 1:25:00 AM,25.667376
2/14/2020 1:30:00 AM,24.608563
2/14/2020 1:35:00 AM,24.998000
2/14/2020 1:40:00 AM,25.110306
2/14/2020 1:45:00 AM,24.704803
2/14/2020 1:50:00 AM,24.704803
2/14/2020 1:55:00 AM,24.704803
2/14/2020 2:00:00 AM,24.911920
2/14/2020 2:05:00 AM,24.833546
2/14/2020 2:10:00 AM,24.736190
2/14/2020 2:15:00 AM,24.703260
2/14/2020 2:20:00 AM,24.703260
2/14/2020 2:25:00 AM,24.305496
2/14/2020 2:30:00 AM,23.980173
2/14/2020 2:35:00 AM,23.980173
2/14/2020 2:40:00 AM,23.866440
2/14/2020 2:45:00 AM,23.906730
2/14/2020 2:50:00 AM,23.925480
2/14/2020 2:55:00 AM,23.866280
2/14/2020 3:00:00 AM,23.935590
2/14/2020 3:05:00 AM,23.935590
2/14/2020 3:10:00 AM,24.199596
2/14/2020 3:15:00 AM,24.162620
2/14/2020 3:20:00 AM,24.633713
2/14/2020 3:25:00 AM,24.631270
2/14/2020 3:30:00 AM,24.800286
2/14/2020 3:35:00 AM,24.800286
2/14/2020 3:40:00 AM,24.800286
2/14/2020 3:45:00 AM,24.929270
2/14/2020 3:50:00 AM,24.752143
2/14/2020 3:55:00 AM,24.929270
2/14/2020 4:00:00 AM,26.268743
2/14/2020 4:05:00 AM,27.015190
2/14/2020 4:10:00 AM,27.827206
2/14/2020 4:15:00 AM,24.892503
2/14/2020 4:20:00 AM,24.892503
2/14/2020 4:25:00 AM,27.960103
2/14/2020 4:30:00 AM,27.553726
2/14/2020 4:35:00 AM,28.191400
2/14/2020 4:40:00 AM,28.195273
2/14/2020 4:45:00 AM,28.199953
2/14/2020 4:50:00 AM,29.338983
2/14/2020 4:55:00 AM,31.986140
2/14/2020 5:00:00 AM,24.083540
2/14/2020 5:05:00 AM,24.083540
2/14/2020 5:10:00 AM,24.222580
2/14/2020 5:15:00 AM,25.179846
2/14/2020 5:20:00 AM,27.659130
2/14/2020 5:25:00 AM,28.393950
2/14/2020 5:30:00 AM,28.448660
2/14/2020 5:35:00 AM,28.868623
2/14/2020 5:40:00 AM,28.889556
2/14/2020 5:45:00 AM,29.571023
2/14/2020 5:50:00 AM,29.694533
2/14/2020 5:55:00 AM,33.886963
2/14/2020 6:00:00 AM,29.318796
2/14/2020 6:05:00 AM,30.420703
2/14/2020 6:10:00 AM,30.829390
2/14/2020 6:15:00 AM,30.371693
2/14/2020 6:20:00 AM,35.239913
2/14/2020 6:25:00 AM,35.304313
2/14/2020 6:30:00 AM,37.737290
2/14/2020 6:35:00 AM,40.595626
2/14/2020 6:40:00 AM,40.595626
2/14/2020 6:45:00 AM,38.510973
2/14/2020 6:50:00 AM,40.426106
2/14/2020 6:55:00 AM,46.410870
2/14/2020 7:00:00 AM,43.100093
2/14/2020 7:05:00 AM,42.668306
2/14/2020 7:10:00 AM,40.023456
2/14/2020 7:15:00 AM,34.553893
2/14/2020 7:20:00 AM,32.524833
2/14/2020 7:25:00 AM,30.752610
2/14/2020 7:30:00 AM,32.437933
2/14/2020 7:35:00 AM,24.750880
2/14/2020 7:40:00 AM,24.228163
2/14/2020 7:45:00 AM,23.807090
2/14/2020 7:50:00 AM,22.317103
2/14/2020 7:55:00 AM,23.151696
2/14/2020 8:00:00 AM,19.472370
2/14/2020 8:05:00 AM,25.687640
2/14/2020 8:10:00 AM,32.912780
2/14/2020 8:15:00 AM,27.590323
2/14/2020 8:20:00 AM,23.389076
2/14/2020 8:25:00 AM,22.217633
2/14/2020 8:30:00 AM,21.689580
2/14/2020 8:35:00 AM,21.237333
2/14/2020 8:40:00 AM,19.574600
2/14/2020 8:45:00 AM,21.288923
2/14/2020 8:50:00 AM,16.480773
2/14/2020 8:55:00 AM,15.940900
2/14/2020 9:00:00 AM,27.689953
2/14/2020 9:05:00 AM,25.027203
2/14/2020 9:10:00 AM,25.519093
2/14/2020 9:15:00 AM,27.765600
2/14/2020 9:20:00 AM,25.254220
2/14/2020 9:25:00 AM,27.133600
2/14/2020 9:30:00 AM,27.887783
2/14/2020 9:35:00 AM,24.212400
2/14/2020 9:40:00 AM,21.490263
2/14/2020 9:45:00 AM,18.802420
2/14/2020 9:50:00 AM,21.627156
2/14/2020 9:55:00 AM,17.068526
2/14/2020 10:00:00 AM,22.593633
2/14/2020 10:05:00 AM,20.244256
2/14/2020 10:10:00 AM,21.550100
2/14/2020 10:15:00 AM,20.328573
2/14/2020 10:20:00 AM,21.423503
2/14/2020 10:25:00 AM,13.029820
2/14/2020 10:30:00 AM,13.875026
2/14/2020 10:35:00 AM,12.594930
2/14/2020 10:40:00 AM,22.917600
2/14/2020 10:45:00 AM,21.261273
2/14/2020 10:50:00 AM,12.228063
2/14/2020 10:55:00 AM,13.705640
2/14/2020 11:00:00 AM,15.300813
2/14/2020 11:05:00 AM,18.102203
2/14/2020 11:10:00 AM,14.100000
2/14/2020 11:15:00 AM,13.080000
2/14/2020 11:20:00 AM,11.790200
2/14/2020 11:25:00 AM,12.361200
2/14/2020 11:30:00 AM,15.251200
2/14/2020 11:35:00 AM,11.451200
2/14/2020 11:40:00 AM,11.451200
2/14/2020 11:45:00 AM,12.951950
2/14/2020 11:50:00 AM,12.241200
2/14/2020 11:55:00 AM,10.908800
2/14/2020 12:00:00 PM,14.100000
2/14/2020 12:05:00 PM,14.100000
2/14/2020 12:10:00 PM,14.100000
2/14/2020 12:15:00 PM,9.198800
2/14/2020 12:20:00 PM,10.908800
2/14/2020 12:25:00 PM,6.567510
2/14/2020 12:30:00 PM,12.990000
2/14/2020 12:35:00 PM,12.630000
2/14/2020 12:40:00 PM,13.080000
2/14/2020 12:45:00 PM,11.901200
2/14/2020 12:50:00 PM,5.060390
2/14/2020 12:55:00 PM,6.511200
2/14/2020 1:00:00 PM,3.998800
2/14/2020 1:05:00 PM,4.978800
2/14/2020 1:10:00 PM,4.988800
2/14/2020 1:15:00 PM,3.331970
2/14/2020 1:20:00 PM,3.342776
2/14/2020 1:25:00 PM,5.063506
2/14/2020 1:30:00 PM,12.533040
2/14/2020 1:35:00 PM,11.074633
2/14/2020 1:40:00 PM,11.198493
2/14/2020 1:45:00 PM,11.104830
2/14/2020 1:50:00 PM,6.519566
2/14/2020 1:55:00 PM,7.609430
2/14/2020 2:00:00 PM,0.974806
2/14/2020 2:05:00 PM,0.827603
2/14/2020 2:10:00 PM,9.992260
2/14/2020 2:15:00 PM,3.347920
2/14/2020 2:20:00 PM,3.327053
2/14/2020 2:25:00 PM,2.382790
2/14/2020 2:30:00 PM,1.588996
2/14/2020 2:35:00 PM,2.379873
2/14/2020 2:40:00 PM,3.360766
2/14/2020 2:45:00 PM,6.694916
2/14/2020 2:50:00 PM,2.559243
2/14/2020 2:55:00 PM,0.604780
2/14/2020 3:00:00 PM,2.565810
2/14/2020 3:05:00 PM,0.870850
2/14/2020 3:10:00 PM,0.504340
2/14/2020 3:15:00 PM,9.976526
2/14/2020 3:20:00 PM,10.652813
2/14/2020 3:25:00 PM,12.060273
2/14/2020 3:30:00 PM,10.700833
2/14/2020 3:35:00 PM,11.820066
2/14/2020 3:40:00 PM,23.159746
2/14/2020 3:45:00 PM,22.824660
2/14/2020 3:50:00 PM,25.479393
2/14/2020 3:55:00 PM,25.662233
2/14/2020 4:00:00 PM,27.269490
2/14/2020 4:05:00 PM,26.857650
2/14/2020 4:10:00 PM,23.200953
2/14/2020 4:15:00 PM,25.966300
2/14/2020 4:20:00 PM,27.468430
2/14/2020 4:25:00 PM,27.295423
2/14/2020 4:30:00 PM,27.110216
2/14/2020 4:35:00 PM,29.989986
2/14/2020 4:40:00 PM,34.201463
2/14/2020 4:45:00 PM,32.804960
2/14/2020 4:50:00 PM,39.435063
2/14/2020 4:55:00 PM,40.982240
2/14/2020 5:00:00 PM,30.573346
2/14/2020 5:05:00 PM,26.905890
2/14/2020 5:10:00 PM,26.978680
2/14/2020 5:15:00 PM,33.477130
2/14/2020 5:20:00 PM,32.271106
2/14/2020 5:25:00 PM,30.610793
2/14/2020 5:30:00 PM,33.507560
2/14/2020 5:35:00 PM,33.577103
2/14/2020 5:40:00 PM,33.365636
2/14/2020 5:45:00 PM,32.774066
2/14/2020 5:50:00 PM,35.055723
2/14/2020 5:55:00 PM,34.175353
2/14/2020 6:00:00 PM,32.686626
2/14/2020 6:05:00 PM,31.184896
2/14/2020 6:10:00 PM,28.005596
2/14/2020 6:15:00 PM,29.520693
2/14/2020 6:20:00 PM,28.156506
2/14/2020 6:25:00 PM,31.345356
2/14/2020 6:30:00 PM,26.230460
2/14/2020 6:35:00 PM,26.785710
2/14/2020 6:40:00 PM,26.368970
2/14/2020 6:45:00 PM,31.162096
2/14/2020 6:50:00 PM,29.568053
2/14/2020 6:55:00 PM,26.775663
2/14/2020 7:00:00 PM,32.534096
2/14/2020 7:05:00 PM,32.530113
2/14/2020 7:10:00 PM,32.523880
2/14/2020 7:15:00 PM,32.243360
2/14/2020 7:20:00 PM,32.382750
2/14/2020 7:25:00 PM,32.388900
2/14/2020 7:30:00 PM,32.008900
2/14/2020 7:35:00 PM,31.434436
2/14/2020 7:40:00 PM,32.247466
2/14/2020 7:45:00 PM,42.049646
2/14/2020 7:50:00 PM,36.891443
2/14/2020 7:55:00 PM,36.106460
2/14/2020 8:00:00 PM,35.897806
2/14/2020 8:05:00 PM,35.608063
2/14/2020 8:10:00 PM,36.610333
2/14/2020 8:15:00 PM,35.594520
2/14/2020 8:20:00 PM,35.111303
2/14/2020 8:25:00 PM,32.400840
2/14/2020 8:30:00 PM,33.022220
2/14/2020 8:35:00 PM,30.642943
2/14/2020 8:40:00 PM,30.362446
2/14/2020 8:45:00 PM,35.935663
2/14/2020 8:50:00 PM,34.985063
2/14/2020 8:55:00 PM,29.687010
2/14/2020 9:00:00 PM,31.384460
2/14/2020 9:05:00 PM,30.319393
2/14/2020 9:10:00 PM,30.232686
2/14/2020 9:15:00 PM,31.234583
2/14/2020 9:20:00 PM,31.444806
2/14/2020 9:25:00 PM,31.744413
2/14/2020 9:30:00 PM,33.381506
2/14/2020 9:35:00 PM,33.382043
2/14/2020 9:40:00 PM,32.471286
2/14/2020 9:45:00 PM,28.865613
2/14/2020 9:50:00 PM,26.746450
2/14/2020 9:55:00 PM,28.420656
2/14/2020 10:00:00 PM,36.645040
2/14/2020 10:05:00 PM,30.058426
2/14/2020 10:10:00 PM,32.877380
2/14/2020 10:15:00 PM,29.609040
2/14/2020 10:20:00 PM,28.575350
2/14/2020 10:25:00 PM,28.669413
2/14/2020 10:30:00 PM,27.921413
2/14/2020 10:35:00 PM,26.865130
2/14/2020 10:40:00 PM,26.270543
2/14/2020 10:45:00 PM,28.044233
2/14/2020 10:50:00 PM,25.668450
2/14/2020 10:55:00 PM,25.601603
2/14/2020 11:00:00 PM,26.331160
2/14/2020 11:05:00 PM,26.610413
2/14/2020 11:10:00 PM,26.533670
2/14/2020 11:15:00 PM,24.989030
2/14/2020 11:20:00 PM,25.019210
2/14/2020 11:25:00 PM,26.158020
2/14/2020 11:30:00 PM,28.080216
2/14/2020 11:35:00 PM,27.792986
2/14/2020 11:40:00 PM,28.080216
2/14/2020 11:45:00 PM,28.019740
2/14/2020 11:50:00 PM,27.917546
2/14/2020 11:55:00 PM,29.248326
2/15/2020 12:00:00 AM,25.356550
2/15/2020 12:05:00 AM,24.587683
2/15/2020 12:10:00 AM,24.390826
2/15/2020 12:15:00 AM,23.990060
2/15/2020 12:20:00 AM,24.336000
2/15/2020 12:25:00 AM,24.428073
2/15/2020 12:30:00 AM,23.841460
2/15/2020 12:35:00 AM,23.425340
2/15/2020 12:40:00 AM,22.166090
2/15/2020 12:45:00 AM,22.124596
2/15/2020 12:50:00 AM,22.124596
2/15/2020 12:55:00 AM,22.124596
2/15/2020 1:00:00 AM,19.288380
2/15/2020 1:05:00 AM,19.657163
2/15/2020 1:10:00 AM,19.288380
2/15/2020 1:15:00 AM,18.842096
2/15/2020 1:20:00 AM,18.740803
2/15/2020 1:25:00 AM,18.613570
2/15/2020 1:30:00 AM,18.257940
2/15/2020 1:35:00 AM,18.240676
2/15/2020 1:40:00 AM,18.142343
2/15/2020 1:45:00 AM,17.435350
2/15/2020 1:50:00 AM,17.435350
2/15/2020 1:55:00 AM,17.435350
2/15/2020 2:00:00 AM,17.656013
2/15/2020 2:05:00 AM,17.984226
2/15/2020 2:10:00 AM,18.592766
2/15/2020 2:15:00 AM,18.125950
2/15/2020 2:20:00 AM,17.722420
2/15/2020 2:25:00 AM,18.026153
2/15/2020 2:30:00 AM,17.716410
2/15/2020 2:35:00 AM,17.753970
2/15/2020 2:40:00 AM,17.753970
2/15/2020 2:45:00 AM,17.595076
2/15/2020 2:50:00 AM,17.595076
2/15/2020 2:55:00 AM,17.595076
2/15/2020 3:00:00 AM,17.650643
2/15/2020 3:05:00 AM,19.119930
2/15/2020 3:10:00 AM,19.261983
2/15/2020 3:15:00 AM,19.101976
2/15/2020 3:20:00 AM,19.101976
2/15/2020 3:25:00 AM,19.101976
2/15/2020 3:30:00 AM,19.277030
2/15/2020 3:35:00 AM,19.277030
2/15/2020 3:40:00 AM,19.655730
2/15/2020 3:45:00 AM,19.799626
2/15/2020 3:50:00 AM,19.799626
2/15/2020 3:55:00 AM,19.736683
2/15/2020 4:00:00 AM,20.585153
2/15/2020 4:05:00 AM,20.270276
2/15/2020 4:10:00 AM,20.045180
2/15/2020 4:15:00 AM,20.343993
2/15/2020 4:20:00 AM,21.886313
2/15/2020 4:25:00 AM,22.128390
2/15/2020 4:30:00 AM,23.882270
2/15/2020 4:35:00 AM,24.031020
2/15/2020 4:40:00 AM,24.422560
2/15/2020 4:45:00 AM,24.470366
2/15/2020 4:50:00 AM,24.470366
2/15/2020 4:55:00 AM,24.687956
2/15/2020 5:00:00 AM,22.147796
2/15/2020 5:05:00 AM,22.147796
2/15/2020 5:10:00 AM,24.412033
2/15/2020 5:15:00 AM,24.423293
2/15/2020 5:20:00 AM,26.903696
2/15/2020 5:25:00 AM,26.903696
2/15/2020 5:30:00 AM,27.540660
2/15/2020 5:35:00 AM,27.540660
2/15/2020 5:40:00 AM,27.606306
2/15/2020 5:45:00 AM,27.735226
2/15/2020 5:50:00 AM,28.661783
2/15/2020 5:55:00 AM,28.657010
2/15/2020 6:00:00 AM,24.627066
2/15/2020 6:05:00 AM,23.912416
2/15/2020 6:10:00 AM,22.916213
2/15/2020 6:15:00 AM,23.932340
2/15/2020 6:20:00 AM,23.932340
2/15/2020 6:25:00 AM,24.610856
2/15/2020 6:30:00 AM,24.619890
2/15/2020 6:35:00 AM,25.214560
2/15/2020 6:40:00 AM,23.948203
2/15/2020 6:45:00 AM,23.992360
2/15/2020 6:50:00 AM,23.992360
2/15/2020 6:55:00 AM,23.830063
2/15/2020 7:00:00 AM,25.010293
2/15/2020 7:05:00 AM,24.442573
2/15/2020 7:10:00 AM,24.780103
2/15/2020 7:15:00 AM,21.690163
2/15/2020 7:20:00 AM,19.805000
2/15/2020 7:25:00 AM,16.730576
2/15/2020 7:30:00 AM,16.458750
2/15/2020 7:35:00 AM,16.265586
2/15/2020 7:40:00 AM,13.446953
2/15/2020 7:45:00 AM,11.391476
2/15/2020 7:50:00 AM,11.387863
2/15/2020 7:55:00 AM,12.779623
2/15/2020 8:00:00 AM,8.515910
2/15/2020 8:05:00 AM,17.443376
2/15/2020 8:10:00 AM,18.041813
2/15/2020 8:15:00 AM,17.517180
2/15/2020 8:20:00 AM,16.410780
2/15/2020 8:25:00 AM,13.524826
2/15/2020 8:30:00 AM,13.106186
2/15/2020 8:35:00 AM,12.436473
2/15/2020 8:40:00 AM,11.016170
2/15/2020 8:45:00 AM,11.865573
2/15/2020 8:50:00 AM,10.925506
2/15/2020 8:55:00 AM,10.276916
2/15/2020 9:00:00 AM,16.122326
2/15/2020 9:05:00 AM,14.615026
2/15/2020 9:10:00 AM,16.108530
2/15/2020 9:15:00 AM,14.158140
2/15/2020 9:20:00 AM,13.902393
2/15/2020 9:25:00 AM,13.870266
2/15/2020 9:30:00 AM,13.885240
2/15/2020 9:35:00 AM,13.550630
2/15/2020 9:40:00 AM,14.200080
2/15/2020 9:45:00 AM,13.500750
2/15/2020 9:50:00 AM,12.966840
2/15/2020 9:55:00 AM,13.659060
2/15/2020 10:00:00 AM,17.467333
2/15/2020 10:05:00 AM,17.137633
2/15/2020 10:10:00 AM,16.429363
2/15/2020 10:15:00 AM,16.862030
2/15/2020 10:20:00 AM,17.255176
2/15/2020 10:25:00 AM,19.213986
2/15/2020 10:30:00 AM,16.703583
2/15/2020 10:35:00 AM,15.449426
2/15/2020 10:40:00 AM,15.356406
2/15/2020 10:45:00 AM,14.878286
2/15/2020 10:50:00 AM,14.524763
2/15/2020 10:55:00 AM,13.968943
2/15/2020 11:00:00 AM,20.034553
2/15/2020 11:05:00 AM,19.722016
2/15/2020 11:10:00 AM,17.331496
2/15/2020 11:15:00 AM,15.145173
2/15/2020 11:20:00 AM,13.520143
2/15/2020 11:25:00 AM,13.902893
2/15/2020 11:30:00 AM,15.599326
2/15/2020 11:35:00 AM,13.859020
2/15/2020 11:40:00 AM,12.300303
2/15/2020 11:45:00 AM,12.318053
2/15/2020 11:50:00 AM,11.965633
2/15/2020 11:55:00 AM,8.124530
2/15/2020 12:00:00 PM,10.582070
2/15/2020 12:05:00 PM,11.272556
2/15/2020 12:10:00 PM,12.000660
2/15/2020 12:15:00 PM,12.328200
2/15/2020 12:20:00 PM,11.517716
2/15/2020 12:25:00 PM,11.551110
2/15/2020 12:30:00 PM,11.449233
2/15/2020 12:35:00 PM,10.252400
2/15/2020 12:40:00 PM,10.979690
2/15/2020 12:45:00 PM,11.043700
2/15/2020 12:50:00 PM,12.030120
2/15/2020 12:55:00 PM,11.442446
2/15/2020 1:00:00 PM,8.302363
2/15/2020 1:05:00 PM,10.121323
2/15/2020 1:10:00 PM,10.256833
2/15/2020 1:15:00 PM,10.666123
2/15/2020 1:20:00 PM,12.504850
2/15/2020 1:25:00 PM,12.270406
2/15/2020 1:30:00 PM,10.219413
2/15/2020 1:35:00 PM,9.588553
2/15/2020 1:40:00 PM,7.378513
2/15/2020 1:45:00 PM,5.360400
2/15/2020 1:50:00 PM,4.765390
2/15/2020 1:55:00 PM,7.524053
2/15/2020 2:00:00 PM,8.603446
2/15/2020 2:05:00 PM,8.964796
2/15/2020 2:10:00 PM,15.950080
2/15/2020 2:15:00 PM,14.957326
2/15/2020 2:20:00 PM,11.895043
2/15/2020 2:25:00 PM,12.337240
2/15/2020 2:30:00 PM,5.167323
2/15/2020 2:35:00 PM,5.167323
2/15/2020 2:40:00 PM,3.515696
2/15/2020 2:45:00 PM,13.407910
2/15/2020 2:50:00 PM,12.010296
2/15/2020 2:55:00 PM,6.765860
2/15/2020 3:00:00 PM,3.369853
2/15/2020 3:05:00 PM,6.016516
2/15/2020 3:10:00 PM,3.343543
2/15/2020 3:15:00 PM,-0.482543
2/15/2020 3:20:00 PM,0.156126
2/15/2020 3:25:00 PM,5.511420
2/15/2020 3:30:00 PM,7.981403
2/15/2020 3:35:00 PM,4.147993
2/15/2020 3:40:00 PM,9.287873
2/15/2020 3:45:00 PM,9.665266
2/15/2020 3:50:00 PM,7.636293
2/15/2020 3:55:00 PM,8.982313
2/15/2020 4:00:00 PM,-0.003043
2/15/2020 4:05:00 PM,1.517466
2/15/2020 4:10:00 PM,5.223336
2/15/2020 4:15:00 PM,10.951653
2/15/2020 4:20:00 PM,13.229546
2/15/2020 4:25:00 PM,13.923550
2/15/2020 4:30:00 PM,19.713130
2/15/2020 4:35:00 PM,20.636806
2/15/2020 4:40:00 PM,23.605610
2/15/2020 4:45:00 PM,28.050853
2/15/2020 4:50:00 PM,33.106856
2/15/2020 4:55:00 PM,39.458183
2/15/2020 5:00:00 PM,26.919573
2/15/2020 5:05:00 PM,25.382673
2/15/2020 5:10:00 PM,26.919573
2/15/2020 5:15:00 PM,28.041860
2/15/2020 5:20:00 PM,29.173833
2/15/2020 5:25:00 PM,29.173833
2/15/2020 5:30:00 PM,29.012746
2/15/2020 5:35:00 PM,29.274230
2/15/2020 5:40:00 PM,32.750120
2/15/2020 5:45:00 PM,32.805840
2/15/2020 5:50:00 PM,37.647920
2/15/2020 5:55:00 PM,32.600020
2/15/2020 6:00:00 PM,30.789173
2/15/2020 6:05:00 PM,29.154560
2/15/2020 6:10:00 PM,29.154560
2/15/2020 6:15:00 PM,27.765810
2/15/2020 6:20:00 PM,28.061966
2/15/2020 6:25:00 PM,28.061966
2/15/2020 6:30:00 PM,27.514316
2/15/2020 6:35:00 PM,25.860216
2/15/2020 6:40:00 PM,25.086593
2/15/2020 6:45:00 PM,25.288233
2/15/2020 6:50:00 PM,27.191790
2/15/2020 6:55:00 PM,28.862010
2/15/2020 7:00:00 PM,29.746173
2/15/2020 7:05:00 PM,30.446210
2/15/2020 7:10:00 PM,30.333756
2/15/2020 7:15:00 PM,30.924353
2/15/2020 7:20:00 PM,32.071393
2/15/2020 7:25:00 PM,31.865660
2/15/2020 7:30:00 PM,31.746280
2/15/2020 7:35:00 PM,31.673670
2/15/2020 7:40:00 PM,31.633160
2/15/2020 7:45:00 PM,30.713220
2/15/2020 7:50:00 PM,30.157343
2/15/2020 7:55:00 PM,30.490453
2/15/2020 8:00:00 PM,31.484333
2/15/2020 8:05:00 PM,34.311286
2/15/2020 8:10:00 PM,41.253843
2/15/2020 8:15:00 PM,40.799413
2/15/2020 8:20:00 PM,42.548510
2/15/2020 8:25:00 PM,37.053266
2/15/2020 8:30:00 PM,30.584600
2/15/2020 8:35:00 PM,30.488963
2/15/2020 8:40:00 PM,30.855463
2/15/2020 8:45:00 PM,32.880726
2/15/2020 8:50:00 PM,32.957466
2/15/2020 8:55:00 PM,36.194743
2/15/2020 9:00:00 PM,36.942570
2/15/2020 9:05:00 PM,34.272263
2/15/2020 9:10:00 PM,30.568583
2/15/2020 9:15:00 PM,30.807543
2/15/2020 9:20:00 PM,31.724173
2/15/2020 9:25:00 PM,31.724173
2/15/2020 9:30:00 PM,34.265003
2/15/2020 9:35:00 PM,31.710043
2/15/2020 9:40:00 PM,27.528066
2/15/2020 9:45:00 PM,27.302773
2/15/2020 9:50:00 PM,26.992663
2/15/2020 9:55:00 PM,24.478090
2/15/2020 10:00:00 PM,28.825683
2/15/2020 10:05:00 PM,30.111106
2/15/2020 10:10:00 PM,30.495516
2/15/2020 10:15:00 PM,29.161926
2/15/2020 10:20:00 PM,27.295413
2/15/2020 10:25:00 PM,24.444620
2/15/2020 10:30:00 PM,24.038236
2/15/2020 10:35:00 PM,23.925346
2/15/2020 10:40:00 PM,23.460720
2/15/2020 10:45:00 PM,22.260756
2/15/2020 10:50:00 PM,22.132400
2/15/2020 10:55:00 PM,22.260756
2/15/2020 11:00:00 PM,23.695830
2/15/2020 11:05:00 PM,23.979663
2/15/2020 11:10:00 PM,24.506766
2/15/2020 11:15:00 PM,23.583630
2/15/2020 11:20:00 PM,23.583630
2/15/2020 11:25:00 PM,18.597070
2/15/2020 11:30:00 PM,16.932543
2/15/2020 11:35:00 PM,16.835440
2/15/2020 11:40:00 PM,16.932543
2/15/2020 11:45:00 PM,17.197406
2/15/2020 11:50:00 PM,16.666496
2/15/2020 11:55:00 PM,16.333203
2/16/2020 12:00:00 AM,16.021053
2/16/2020 12:05:00 AM,16.459253
2/16/2020 12:10:00 AM,16.459253
2/16/2020 12:15:00 AM,24.007383
2/16/2020 12:20:00 AM,22.356433
2/16/2020 12:25:00 AM,16.357920
2/16/2020 12:30:00 AM,16.147970
2/16/2020 12:35:00 AM,16.147970
2/16/2020 12:40:00 AM,16.147970
2/16/2020 12:45:00 AM,16.960270
2/16/2020 12:50:00 AM,16.335443
2/16/2020 12:55:00 AM,16.117446
2/16/2020 1:00:00 AM,16.316260
2/16/2020 1:05:00 AM,17.930096
2/16/2020 1:10:00 AM,17.930096
2/16/2020 1:15:00 AM,20.364363
2/16/2020 1:20:00 AM,23.182293
2/16/2020 1:25:00 AM,21.636920
2/16/2020 1:30:00 AM,20.363086
2/16/2020 1:35:00 AM,20.444510
2/16/2020 1:40:00 AM,21.757160
2/16/2020 1:45:00 AM,20.380103
2/16/2020 1:50:00 AM,20.380103
2/16/2020 1:55:00 AM,20.380103
2/16/2020 2:00:00 AM,22.827456
2/16/2020 2:05:00 AM,23.309803
2/16/2020 2:10:00 AM,23.632920
2/16/2020 2:15:00 AM,22.782230
2/16/2020 2:20:00 AM,23.001696
2/16/2020 2:25:00 AM,22.778363
2/16/2020 2:30:00 AM,22.247930
2/16/2020 2:35:00 AM,22.292473
2/16/2020 2:40:00 AM,21.765010
2/16/2020 2:45:00 AM,20.829263
2/16/2020 2:50:00 AM,21.394520
2/16/2020 2:55:00 AM,22.961236
2/16/2020 3:00:00 AM,24.162633
2/16/2020 3:05:00 AM,23.783566
2/16/2020 3:10:00 AM,23.047696
2/16/2020 3:15:00 AM,22.782243
2/16/2020 3:20:00 AM,22.782243
2/16/2020 3:25:00 AM,22.182313
2/16/2020 3:30:00 AM,19.116626
2/16/2020 3:35:00 AM,19.116626
2/16/2020 3:40:00 AM,17.278226
2/16/2020 3:45:00 AM,19.101213
2/16/2020 3:50:00 AM,19.101213
2/16/2020 3:55:00 AM,19.101213
2/16/2020 4:00:00 AM,17.369526
2/16/2020 4:05:00 AM,17.369526
2/16/2020 4:10:00 AM,17.057283
2/16/2020 4:15:00 AM,17.235613
2/16/2020 4:20:00 AM,17.367150
2/16/2020 4:25:00 AM,17.367150
2/16/2020 4:30:00 AM,17.357680
2/16/2020 4:35:00 AM,17.357680
2/16/2020 4:40:00 AM,17.357680
2/16/2020 4:45:00 AM,17.363506
2/16/2020 4:50:00 AM,16.834456
2/16/2020 4:55:00 AM,16.980693
2/16/2020 5:00:00 AM,16.420676
2/16/2020 5:05:00 AM,16.221323
2/16/2020 5:10:00 AM,16.348186
2/16/2020 5:15:00 AM,16.518776
2/16/2020 5:20:00 AM,16.745550
2/16/2020 5:25:00 AM,16.745550
2/16/2020 5:30:00 AM,17.377270
2/16/2020 5:35:00 AM,17.377270
2/16/2020 5:40:00 AM,17.204043
2/16/2020 5:45:00 AM,17.616860
2/16/2020 5:50:00 AM,18.039943
2/16/2020 5:55:00 AM,21.439570
2/16/2020 6:00:00 AM,18.736366
2/16/2020 6:05:00 AM,18.104990
2/16/2020 6:10:00 AM,18.741653
2/16/2020 6:15:00 AM,19.829276
2/16/2020 6:20:00 AM,19.829276
2/16/2020 6:25:00 AM,19.029263
2/16/2020 6:30:00 AM,17.401876
2/16/2020 6:35:00 AM,17.548820
2/16/2020 6:40:00 AM,17.224816
2/16/2020 6:45:00 AM,17.870786
2/16/2020 6:50:00 AM,17.873483
2/16/2020 6:55:00 AM,16.777713
2/16/2020 7:00:00 AM,14.597343
2/16/2020 7:05:00 AM,58.184313
2/16/2020 7:10:00 AM,58.184313
2/16/2020 7:15:00 AM,31.382743
2/16/2020 7:20:00 AM,22.507716
2/16/2020 7:25:00 AM,14.986056
2/16/2020 7:30:00 AM,15.547400
2/16/2020 7:35:00 AM,15.050240
2/16/2020 7:40:00 AM,12.542636
2/16/2020 7:45:00 AM,12.177950
2/16/2020 7:50:00 AM,11.436276
2/16/2020 7:55:00 AM,10.360036
2/16/2020 8:00:00 AM,14.783216
2/16/2020 8:05:00 AM,15.899146
2/16/2020 8:10:00 AM,15.899146
2/16/2020 8:15:00 AM,12.095140
2/16/2020 8:20:00 AM,8.217960
2/16/2020 8:25:00 AM,5.142153
2/16/2020 8:30:00 AM,3.217670
2/16/2020 8:35:00 AM,3.159663
2/16/2020 8:40:00 AM,0.989303
2/16/2020 8:45:00 AM,-0.009766
2/16/2020 8:50:00 AM,-0.010316
2/16/2020 8:55:00 AM,-0.010330
2/16/2020 9:00:00 AM,-0.010340
2/16/2020 9:05:00 AM,-0.010346
2/16/2020 9:10:00 AM,-0.010350
2/16/2020 9:15:00 AM,-0.010173
2/16/2020 9:20:00 AM,-0.010230
2/16/2020 9:25:00 AM,-0.010303
2/16/2020 9:30:00 AM,-0.010253
2/16/2020 9:35:00 AM,-0.010303
2/16/2020 9:40:00 AM,-0.010360
2/16/2020 9:45:00 AM,-0.010400
2/16/2020 9:50:00 AM,-0.010400
2/16/2020 9:55:00 AM,-0.010303
2/16/2020 10:00:00 AM,-0.010233
2/16/2020 10:05:00 AM,-0.010273
