Date,load,zone
2/10/2020 12:00:00 AM,2392.00,AZPS
2/10/2020 12:00:00 AM,953.00,BANCSMUD
2/10/2020 12:00:00 AM,7296.00,BCHA
2/10/2020 12:00:00 AM,20931.00,CA ISO
2/10/2020 12:00:00 AM,1686.00,IPCO
2/10/2020 12:00:00 AM,3.00,MWD
2/10/2020 12:00:00 AM,3543.00,NEVP
2/10/2020 12:00:00 AM,4839.00,PACE
2/10/2020 12:00:00 AM,2168.00,PACW
2/10/2020 12:00:00 AM,9749.00,PGE
2/10/2020 12:00:00 AM,2113.00,PGE-NEW
2/10/2020 12:00:00 AM,2689.00,PSEI
2/10/2020 12:00:00 AM,9228.00,SCE
2/10/2020 12:00:00 AM,1882.00,SDGE
2/10/2020 12:00:00 AM,69.00,VEA
2/10/2020 1:00:00 AM,2385.00,AZPS
2/10/2020 1:00:00 AM,930.00,BANCSMUD
2/10/2020 1:00:00 AM,7205.00,BCHA
2/10/2020 1:00:00 AM,20673.00,CA ISO
2/10/2020 1:00:00 AM,1698.00,IPCO
2/10/2020 1:00:00 AM,3.00,MWD
2/10/2020 1:00:00 AM,3498.00,NEVP
2/10/2020 1:00:00 AM,4839.00,PACE
2/10/2020 1:00:00 AM,2166.00,PACW
2/10/2020 1:00:00 AM,9777.00,PGE
2/10/2020 1:00:00 AM,2069.00,PGE-NEW
2/10/2020 1:00:00 AM,2646.00,PSEI
2/10/2020 1:00:00 AM,9002.00,SCE
2/10/2020 1:00:00 AM,1823.00,SDGE
2/10/2020 1:00:00 AM,68.00,VEA
2/10/2020 2:00:00 AM,2432.00,AZPS
2/10/2020 2:00:00 AM,928.00,BANCSMUD
2/10/2020 2:00:00 AM,7181.00,BCHA
2/10/2020 2:00:00 AM,20660.00,CA ISO
2/10/2020 2:00:00 AM,1731.00,IPCO
2/10/2020 2:00:00 AM,1.00,MWD
2/10/2020 2:00:00 AM,3484.00,NEVP
2/10/2020 2:00:00 AM,4890.00,PACE
2/10/2020 2:00:00 AM,2195.00,PACW
2/10/2020 2:00:00 AM,9883.00,PGE
2/10/2020 2:00:00 AM,2067.00,PGE-NEW
2/10/2020 2:00:00 AM,2661.00,PSEI
2/10/2020 2:00:00 AM,8931.00,SCE
2/10/2020 2:00:00 AM,1775.00,SDGE
2/10/2020 2:00:00 AM,70.00,VEA
2/10/2020 3:00:00 AM,2573.00,AZPS
2/10/2020 3:00:00 AM,955.00,BANCSMUD
2/10/2020 3:00:00 AM,7218.00,BCHA
2/10/2020 3:00:00 AM,20651.00,CA ISO
2/10/2020 3:00:00 AM,1813.00,IPCO
2/10/2020 3:00:00 AM,0.00,MWD
2/10/2020 3:00:00 AM,3516.00,NEVP
2/10/2020 3:00:00 AM,5038.00,PACE
2/10/2020 3:00:00 AM,2270.00,PACW
2/10/2020 3:00:00 AM,9750.00,PGE
2/10/2020 3:00:00 AM,2121.00,PGE-NEW
2/10/2020 3:00:00 AM,2753.00,PSEI
2/10/2020 3:00:00 AM,9041.00,SCE
2/10/2020 3:00:00 AM,1786.00,SDGE
2/10/2020 3:00:00 AM,74.00,VEA
2/10/2020 4:00:00 AM,2854.00,AZPS
2/10/2020 4:00:00 AM,1017.00,BANCSMUD
2/10/2020 4:00:00 AM,7408.00,BCHA
2/10/2020 4:00:00 AM,21355.00,CA ISO
2/10/2020 4:00:00 AM,1969.00,IPCO
2/10/2020 4:00:00 AM,2.00,MWD
2/10/2020 4:00:00 AM,3626.00,NEVP
2/10/2020 4:00:00 AM,5308.00,PACE
2/10/2020 4:00:00 AM,2448.00,PACW
2/10/2020 4:00:00 AM,9947.00,PGE
2/10/2020 4:00:00 AM,2270.00,PGE-NEW
2/10/2020 4:00:00 AM,2966.00,PSEI
2/10/2020 4:00:00 AM,9449.00,SCE
2/10/2020 4:00:00 AM,1876.00,SDGE
2/10/2020 4:00:00 AM,81.00,VEA
2/10/2020 5:00:00 AM,3164.00,AZPS
2/10/2020 5:00:00 AM,1135.00,BANCSMUD
2/10/2020 5:00:00 AM,7907.00,BCHA
2/10/2020 5:00:00 AM,23141.00,CA ISO
2/10/2020 5:00:00 AM,2159.00,IPCO
2/10/2020 5:00:00 AM,2.00,MWD
2/10/2020 5:00:00 AM,3829.00,NEVP
2/10/2020 5:00:00 AM,5694.00,PACE
2/10/2020 5:00:00 AM,2770.00,PACW
2/10/2020 5:00:00 AM,10684.00,PGE
2/10/2020 5:00:00 AM,2543.00,PGE-NEW
2/10/2020 5:00:00 AM,3319.00,PSEI
2/10/2020 5:00:00 AM,10268.00,SCE
2/10/2020 5:00:00 AM,2096.00,SDGE
2/10/2020 5:00:00 AM,91.00,VEA
2/10/2020 6:00:00 AM,3205.00,AZPS
2/10/2020 6:00:00 AM,1264.00,BANCSMUD
2/10/2020 6:00:00 AM,8699.00,BCHA
2/10/2020 6:00:00 AM,25348.00,CA ISO
2/10/2020 6:00:00 AM,2262.00,IPCO
2/10/2020 6:00:00 AM,2.00,MWD
2/10/2020 6:00:00 AM,4001.00,NEVP
2/10/2020 6:00:00 AM,5943.00,PACE
2/10/2020 6:00:00 AM,3136.00,PACW
2/10/2020 6:00:00 AM,11729.00,PGE
2/10/2020 6:00:00 AM,2865.00,PGE-NEW
2/10/2020 6:00:00 AM,3694.00,PSEI
2/10/2020 6:00:00 AM,11167.00,SCE
2/10/2020 6:00:00 AM,2351.00,SDGE
2/10/2020 6:00:00 AM,99.00,VEA
2/10/2020 7:00:00 AM,2983.00,AZPS
2/10/2020 7:00:00 AM,1303.00,BANCSMUD
2/10/2020 7:00:00 AM,9338.00,BCHA
2/10/2020 7:00:00 AM,26137.00,CA ISO
2/10/2020 7:00:00 AM,2226.00,IPCO
2/10/2020 7:00:00 AM,1.00,MWD
2/10/2020 7:00:00 AM,3972.00,NEVP
2/10/2020 7:00:00 AM,5917.00,PACE
2/10/2020 7:00:00 AM,3274.00,PACW
2/10/2020 7:00:00 AM,12025.00,PGE
2/10/2020 7:00:00 AM,3024.00,PGE-NEW
2/10/2020 7:00:00 AM,3867.00,PSEI
2/10/2020 7:00:00 AM,11524.00,SCE
2/10/2020 7:00:00 AM,2491.00,SDGE
2/10/2020 7:00:00 AM,96.00,VEA
2/10/2020 8:00:00 AM,2750.00,AZPS
2/10/2020 8:00:00 AM,1277.00,BANCSMUD
2/10/2020 8:00:00 AM,9388.00,BCHA
2/10/2020 8:00:00 AM,25628.00,CA ISO
2/10/2020 8:00:00 AM,2162.00,IPCO
2/10/2020 8:00:00 AM,2.00,MWD
2/10/2020 8:00:00 AM,3880.00,NEVP
2/10/2020 8:00:00 AM,5858.00,PACE
2/10/2020 8:00:00 AM,3160.00,PACW
2/10/2020 8:00:00 AM,11450.00,PGE
2/10/2020 8:00:00 AM,2994.00,PGE-NEW
2/10/2020 8:00:00 AM,3813.00,PSEI
2/10/2020 8:00:00 AM,11591.00,SCE
2/10/2020 8:00:00 AM,2500.00,SDGE
2/10/2020 8:00:00 AM,85.00,VEA
2/10/2020 9:00:00 AM,2620.00,AZPS
2/10/2020 9:00:00 AM,1240.00,BANCSMUD
2/10/2020 9:00:00 AM,9259.00,BCHA
2/10/2020 9:00:00 AM,24673.00,CA ISO
2/10/2020 9:00:00 AM,2092.00,IPCO
2/10/2020 9:00:00 AM,2.00,MWD
2/10/2020 9:00:00 AM,3788.00,NEVP
2/10/2020 9:00:00 AM,5781.00,PACE
2/10/2020 9:00:00 AM,3004.00,PACW
2/10/2020 9:00:00 AM,10797.00,PGE
2/10/2020 9:00:00 AM,2938.00,PGE-NEW
2/10/2020 9:00:00 AM,3699.00,PSEI
2/10/2020 9:00:00 AM,11389.00,SCE
2/10/2020 9:00:00 AM,2409.00,SDGE
2/10/2020 9:00:00 AM,76.00,VEA
2/10/2020 10:00:00 AM,2474.00,AZPS
2/10/2020 10:00:00 AM,1206.00,BANCSMUD
2/10/2020 10:00:00 AM,9092.00,BCHA
2/10/2020 10:00:00 AM,23792.00,CA ISO
2/10/2020 10:00:00 AM,2007.00,IPCO
2/10/2020 10:00:00 AM,0.00,MWD
2/10/2020 10:00:00 AM,3706.00,NEVP
2/10/2020 10:00:00 AM,5662.00,PACE
2/10/2020 10:00:00 AM,2846.00,PACW
2/10/2020 10:00:00 AM,10271.00,PGE
2/10/2020 10:00:00 AM,2877.00,PGE-NEW
2/10/2020 10:00:00 AM,3578.00,PSEI
2/10/2020 10:00:00 AM,11124.00,SCE
2/10/2020 10:00:00 AM,2329.00,SDGE
2/10/2020 10:00:00 AM,68.00,VEA
2/10/2020 11:00:00 AM,2403.00,AZPS
2/10/2020 11:00:00 AM,1174.00,BANCSMUD
2/10/2020 11:00:00 AM,8952.00,BCHA
2/10/2020 11:00:00 AM,23113.00,CA ISO
2/10/2020 11:00:00 AM,1943.00,IPCO
2/10/2020 11:00:00 AM,1.00,MWD
2/10/2020 11:00:00 AM,3639.00,NEVP
2/10/2020 11:00:00 AM,5595.00,PACE
2/10/2020 11:00:00 AM,2710.00,PACW
2/10/2020 11:00:00 AM,9909.00,PGE
2/10/2020 11:00:00 AM,2783.00,PGE-NEW
2/10/2020 11:00:00 AM,3449.00,PSEI
2/10/2020 11:00:00 AM,10862.00,SCE
2/10/2020 11:00:00 AM,2279.00,SDGE
2/10/2020 11:00:00 AM,62.00,VEA
2/10/2020 12:00:00 PM,2451.00,AZPS
2/10/2020 12:00:00 PM,1148.00,BANCSMUD
2/10/2020 12:00:00 PM,8838.00,BCHA
2/10/2020 12:00:00 PM,22522.00,CA ISO
2/10/2020 12:00:00 PM,1902.00,IPCO
2/10/2020 12:00:00 PM,4.00,MWD
2/10/2020 12:00:00 PM,3599.00,NEVP
2/10/2020 12:00:00 PM,5576.00,PACE
2/10/2020 12:00:00 PM,2605.00,PACW
2/10/2020 12:00:00 PM,9745.00,PGE
2/10/2020 12:00:00 PM,2700.00,PGE-NEW
2/10/2020 12:00:00 PM,3355.00,PSEI
2/10/2020 12:00:00 PM,10709.00,SCE
2/10/2020 12:00:00 PM,2006.00,SDGE
2/10/2020 12:00:00 PM,58.00,VEA
2/10/2020 1:00:00 PM,2579.00,AZPS
2/10/2020 1:00:00 PM,1134.00,BANCSMUD
2/10/2020 1:00:00 PM,8712.00,BCHA
2/10/2020 1:00:00 PM,22430.00,CA ISO
2/10/2020 1:00:00 PM,1870.00,IPCO
2/10/2020 1:00:00 PM,5.00,MWD
2/10/2020 1:00:00 PM,3586.00,NEVP
2/10/2020 1:00:00 PM,5554.00,PACE
2/10/2020 1:00:00 PM,2518.00,PACW
2/10/2020 1:00:00 PM,9762.00,PGE
2/10/2020 1:00:00 PM,2624.00,PGE-NEW
2/10/2020 1:00:00 PM,3276.00,PSEI
2/10/2020 1:00:00 PM,10671.00,SCE
2/10/2020 1:00:00 PM,1937.00,SDGE
2/10/2020 1:00:00 PM,55.00,VEA
2/10/2020 2:00:00 PM,2616.00,AZPS
2/10/2020 2:00:00 PM,1127.00,BANCSMUD
2/10/2020 2:00:00 PM,8558.00,BCHA
2/10/2020 2:00:00 PM,22746.00,CA ISO
2/10/2020 2:00:00 PM,1857.00,IPCO
2/10/2020 2:00:00 PM,5.00,MWD
2/10/2020 2:00:00 PM,3605.00,NEVP
2/10/2020 2:00:00 PM,5576.00,PACE
2/10/2020 2:00:00 PM,2457.00,PACW
2/10/2020 2:00:00 PM,9962.00,PGE
2/10/2020 2:00:00 PM,2563.00,PGE-NEW
2/10/2020 2:00:00 PM,3224.00,PSEI
2/10/2020 2:00:00 PM,10757.00,SCE
2/10/2020 2:00:00 PM,1968.00,SDGE
2/10/2020 2:00:00 PM,54.00,VEA
2/10/2020 3:00:00 PM,2767.00,AZPS
2/10/2020 3:00:00 PM,1135.00,BANCSMUD
2/10/2020 3:00:00 PM,8630.00,BCHA
2/10/2020 3:00:00 PM,23757.00,CA ISO
2/10/2020 3:00:00 PM,1888.00,IPCO
2/10/2020 3:00:00 PM,6.00,MWD
2/10/2020 3:00:00 PM,3662.00,NEVP
2/10/2020 3:00:00 PM,5656.00,PACE
2/10/2020 3:00:00 PM,2454.00,PACW
2/10/2020 3:00:00 PM,10597.00,PGE
2/10/2020 3:00:00 PM,2566.00,PGE-NEW
2/10/2020 3:00:00 PM,3252.00,PSEI
2/10/2020 3:00:00 PM,10972.00,SCE
2/10/2020 3:00:00 PM,2126.00,SDGE
2/10/2020 3:00:00 PM,56.00,VEA
2/10/2020 4:00:00 PM,2996.00,AZPS
2/10/2020 4:00:00 PM,1169.00,BANCSMUD
2/10/2020 4:00:00 PM,9012.00,BCHA
2/10/2020 4:00:00 PM,25360.00,CA ISO
2/10/2020 4:00:00 PM,1975.00,IPCO
2/10/2020 4:00:00 PM,8.00,MWD
2/10/2020 4:00:00 PM,3812.00,NEVP
2/10/2020 4:00:00 PM,5844.00,PACE
2/10/2020 4:00:00 PM,2552.00,PACW
2/10/2020 4:00:00 PM,11544.00,PGE
2/10/2020 4:00:00 PM,2663.00,PGE-NEW
2/10/2020 4:00:00 PM,3398.00,PSEI
2/10/2020 4:00:00 PM,11401.00,SCE
2/10/2020 4:00:00 PM,2347.00,SDGE
2/10/2020 4:00:00 PM,60.00,VEA
2/10/2020 5:00:00 PM,3167.00,AZPS
2/10/2020 5:00:00 PM,1238.00,BANCSMUD
2/10/2020 5:00:00 PM,9515.00,BCHA
2/10/2020 5:00:00 PM,27316.00,CA ISO
2/10/2020 5:00:00 PM,2086.00,IPCO
2/10/2020 5:00:00 PM,5.00,MWD
2/10/2020 5:00:00 PM,4067.00,NEVP
2/10/2020 5:00:00 PM,6053.00,PACE
2/10/2020 5:00:00 PM,2738.00,PACW
2/10/2020 5:00:00 PM,12450.00,PGE
2/10/2020 5:00:00 PM,2849.00,PGE-NEW
2/10/2020 5:00:00 PM,3644.00,PSEI
2/10/2020 5:00:00 PM,12146.00,SCE
2/10/2020 5:00:00 PM,2647.00,SDGE
2/10/2020 5:00:00 PM,68.00,VEA
2/10/2020 6:00:00 PM,3165.00,AZPS
2/10/2020 6:00:00 PM,1283.00,BANCSMUD
2/10/2020 6:00:00 PM,9520.00,BCHA
2/10/2020 6:00:00 PM,28262.00,CA ISO
2/10/2020 6:00:00 PM,2099.00,IPCO
2/10/2020 6:00:00 PM,5.00,MWD
2/10/2020 6:00:00 PM,4166.00,NEVP
2/10/2020 6:00:00 PM,6035.00,PACE
2/10/2020 6:00:00 PM,2858.00,PACW
2/10/2020 6:00:00 PM,12884.00,PGE
2/10/2020 6:00:00 PM,2961.00,PGE-NEW
2/10/2020 6:00:00 PM,3771.00,PSEI
2/10/2020 6:00:00 PM,12543.00,SCE
2/10/2020 6:00:00 PM,2758.00,SDGE
2/10/2020 6:00:00 PM,72.00,VEA
2/10/2020 7:00:00 PM,3119.00,AZPS
2/10/2020 7:00:00 PM,1258.00,BANCSMUD
2/10/2020 7:00:00 PM,9328.00,BCHA
2/10/2020 7:00:00 PM,27825.00,CA ISO
2/10/2020 7:00:00 PM,2069.00,IPCO
2/10/2020 7:00:00 PM,7.00,MWD
2/10/2020 7:00:00 PM,4142.00,NEVP
2/10/2020 7:00:00 PM,5922.00,PACE
2/10/2020 7:00:00 PM,2818.00,PACW
2/10/2020 7:00:00 PM,12774.00,PGE
2/10/2020 7:00:00 PM,2922.00,PGE-NEW
2/10/2020 7:00:00 PM,3722.00,PSEI
2/10/2020 7:00:00 PM,12299.00,SCE
2/10/2020 7:00:00 PM,2673.00,SDGE
2/10/2020 7:00:00 PM,72.00,VEA
2/10/2020 8:00:00 PM,2994.00,AZPS
2/10/2020 8:00:00 PM,1214.00,BANCSMUD
2/10/2020 8:00:00 PM,9030.00,BCHA
2/10/2020 8:00:00 PM,26884.00,CA ISO
2/10/2020 8:00:00 PM,1990.00,IPCO
2/10/2020 8:00:00 PM,9.00,MWD
2/10/2020 8:00:00 PM,4069.00,NEVP
2/10/2020 8:00:00 PM,5706.00,PACE
2/10/2020 8:00:00 PM,2734.00,PACW
2/10/2020 8:00:00 PM,12329.00,PGE
2/10/2020 8:00:00 PM,2821.00,PGE-NEW
2/10/2020 8:00:00 PM,3591.00,PSEI
2/10/2020 8:00:00 PM,11950.00,SCE
2/10/2020 8:00:00 PM,2525.00,SDGE
2/10/2020 8:00:00 PM,71.00,VEA
2/10/2020 9:00:00 PM,2812.00,AZPS
2/10/2020 9:00:00 PM,1142.00,BANCSMUD
2/10/2020 9:00:00 PM,8636.00,BCHA
2/10/2020 9:00:00 PM,25550.00,CA ISO
2/10/2020 9:00:00 PM,1883.00,IPCO
2/10/2020 9:00:00 PM,10.00,MWD
2/10/2020 9:00:00 PM,3918.00,NEVP
2/10/2020 9:00:00 PM,5428.00,PACE
2/10/2020 9:00:00 PM,2594.00,PACW
2/10/2020 9:00:00 PM,11680.00,PGE
2/10/2020 9:00:00 PM,2646.00,PGE-NEW
2/10/2020 9:00:00 PM,3360.00,PSEI
2/10/2020 9:00:00 PM,11384.00,SCE
2/10/2020 9:00:00 PM,2406.00,SDGE
2/10/2020 9:00:00 PM,70.00,VEA
2/10/2020 10:00:00 PM,2660.00,AZPS
2/10/2020 10:00:00 PM,1048.00,BANCSMUD
2/10/2020 10:00:00 PM,8082.00,BCHA
2/10/2020 10:00:00 PM,23845.00,CA ISO
2/10/2020 10:00:00 PM,1803.00,IPCO
2/10/2020 10:00:00 PM,10.00,MWD
2/10/2020 10:00:00 PM,3738.00,NEVP
2/10/2020 10:00:00 PM,5203.00,PACE
2/10/2020 10:00:00 PM,2429.00,PACW
2/10/2020 10:00:00 PM,10864.00,PGE
2/10/2020 10:00:00 PM,2432.00,PGE-NEW
2/10/2020 10:00:00 PM,3085.00,PSEI
2/10/2020 10:00:00 PM,10703.00,SCE
2/10/2020 10:00:00 PM,2200.00,SDGE
2/10/2020 10:00:00 PM,68.00,VEA
2/10/2020 11:00:00 PM,2589.00,AZPS
2/10/2020 11:00:00 PM,971.00,BANCSMUD
2/10/2020 11:00:00 PM,7593.00,BCHA
2/10/2020 11:00:00 PM,22478.00,CA ISO
2/10/2020 11:00:00 PM,1771.00,IPCO
2/10/2020 11:00:00 PM,8.00,MWD
2/10/2020 11:00:00 PM,3600.00,NEVP
2/10/2020 11:00:00 PM,5075.00,PACE
2/10/2020 11:00:00 PM,2311.00,PACW
2/10/2020 11:00:00 PM,10315.00,PGE
2/10/2020 11:00:00 PM,2269.00,PGE-NEW
2/10/2020 11:00:00 PM,2867.00,PSEI
2/10/2020 11:00:00 PM,10052.00,SCE
2/10/2020 11:00:00 PM,2036.00,SDGE
2/10/2020 11:00:00 PM,67.00,VEA
2/11/2020 12:00:00 AM,2565.00,AZPS
2/11/2020 12:00:00 AM,929.00,BANCSMUD
2/11/2020 12:00:00 AM,7288.00,BCHA
2/11/2020 12:00:00 AM,21748.00,CA ISO
2/11/2020 12:00:00 AM,1764.00,IPCO
2/11/2020 12:00:00 AM,11.00,MWD
2/11/2020 12:00:00 AM,3521.00,NEVP
2/11/2020 12:00:00 AM,5018.00,PACE
2/11/2020 12:00:00 AM,2256.00,PACW
2/11/2020 12:00:00 AM,10133.00,PGE
2/11/2020 12:00:00 AM,2178.00,PGE-NEW
2/11/2020 12:00:00 AM,2741.00,PSEI
2/11/2020 12:00:00 AM,9582.00,SCE
2/11/2020 12:00:00 AM,1954.00,SDGE
2/11/2020 12:00:00 AM,68.00,VEA
2/11/2020 1:00:00 AM,2561.00,AZPS
2/11/2020 1:00:00 AM,906.00,BANCSMUD
2/11/2020 1:00:00 AM,7157.00,BCHA
2/11/2020 1:00:00 AM,21174.00,CA ISO
2/11/2020 1:00:00 AM,1775.00,IPCO
2/11/2020 1:00:00 AM,16.00,MWD
2/11/2020 1:00:00 AM,3483.00,NEVP
2/11/2020 1:00:00 AM,5014.00,PACE
2/11/2020 1:00:00 AM,2239.00,PACW
2/11/2020 1:00:00 AM,9870.00,PGE
2/11/2020 1:00:00 AM,2143.00,PGE-NEW
2/11/2020 1:00:00 AM,2696.00,PSEI
2/11/2020 1:00:00 AM,9327.00,SCE
2/11/2020 1:00:00 AM,1892.00,SDGE
2/11/2020 1:00:00 AM,69.00,VEA
2/11/2020 2:00:00 AM,2616.00,AZPS
2/11/2020 2:00:00 AM,905.00,BANCSMUD
2/11/2020 2:00:00 AM,7125.00,BCHA
2/11/2020 2:00:00 AM,20915.00,CA ISO
2/11/2020 2:00:00 AM,1810.00,IPCO
2/11/2020 2:00:00 AM,17.00,MWD
2/11/2020 2:00:00 AM,3471.00,NEVP
2/11/2020 2:00:00 AM,5067.00,PACE
2/11/2020 2:00:00 AM,2258.00,PACW
2/11/2020 2:00:00 AM,9770.00,PGE
2/11/2020 2:00:00 AM,2147.00,PGE-NEW
2/11/2020 2:00:00 AM,2707.00,PSEI
2/11/2020 2:00:00 AM,9209.00,SCE
2/11/2020 2:00:00 AM,1849.00,SDGE
2/11/2020 2:00:00 AM,70.00,VEA
2/11/2020 3:00:00 AM,2769.00,AZPS
2/11/2020 3:00:00 AM,930.00,BANCSMUD
2/11/2020 3:00:00 AM,7132.00,BCHA
2/11/2020 3:00:00 AM,21074.00,CA ISO
2/11/2020 3:00:00 AM,1889.00,IPCO
2/11/2020 3:00:00 AM,21.00,MWD
2/11/2020 3:00:00 AM,3511.00,NEVP
2/11/2020 3:00:00 AM,5207.00,PACE
2/11/2020 3:00:00 AM,2322.00,PACW
2/11/2020 3:00:00 AM,9858.00,PGE
2/11/2020 3:00:00 AM,2205.00,PGE-NEW
2/11/2020 3:00:00 AM,2798.00,PSEI
2/11/2020 3:00:00 AM,9274.00,SCE
2/11/2020 3:00:00 AM,1845.00,SDGE
2/11/2020 3:00:00 AM,76.00,VEA
2/11/2020 4:00:00 AM,3060.00,AZPS
2/11/2020 4:00:00 AM,995.00,BANCSMUD
2/11/2020 4:00:00 AM,7308.00,BCHA
2/11/2020 4:00:00 AM,21915.00,CA ISO
2/11/2020 4:00:00 AM,2037.00,IPCO
2/11/2020 4:00:00 AM,18.00,MWD
2/11/2020 4:00:00 AM,3622.00,NEVP
2/11/2020 4:00:00 AM,5478.00,PACE
2/11/2020 4:00:00 AM,2479.00,PACW
2/11/2020 4:00:00 AM,10203.00,PGE
2/11/2020 4:00:00 AM,2353.00,PGE-NEW
2/11/2020 4:00:00 AM,3009.00,PSEI
2/11/2020 4:00:00 AM,9671.00,SCE
2/11/2020 4:00:00 AM,1939.00,SDGE
2/11/2020 4:00:00 AM,84.00,VEA
2/11/2020 5:00:00 AM,3368.00,AZPS
2/11/2020 5:00:00 AM,1121.00,BANCSMUD
2/11/2020 5:00:00 AM,7794.00,BCHA
2/11/2020 5:00:00 AM,23556.00,CA ISO
2/11/2020 5:00:00 AM,2234.00,IPCO
2/11/2020 5:00:00 AM,18.00,MWD
2/11/2020 5:00:00 AM,3820.00,NEVP
2/11/2020 5:00:00 AM,5865.00,PACE
2/11/2020 5:00:00 AM,2787.00,PACW
2/11/2020 5:00:00 AM,10876.00,PGE
2/11/2020 5:00:00 AM,2639.00,PGE-NEW
2/11/2020 5:00:00 AM,3364.00,PSEI
2/11/2020 5:00:00 AM,10423.00,SCE
2/11/2020 5:00:00 AM,2148.00,SDGE
2/11/2020 5:00:00 AM,91.00,VEA
2/11/2020 6:00:00 AM,3420.00,AZPS
2/11/2020 6:00:00 AM,1265.00,BANCSMUD
2/11/2020 6:00:00 AM,8517.00,BCHA
2/11/2020 6:00:00 AM,25608.00,CA ISO
2/11/2020 6:00:00 AM,2322.00,IPCO
2/11/2020 6:00:00 AM,23.00,MWD
2/11/2020 6:00:00 AM,3977.00,NEVP
2/11/2020 6:00:00 AM,6101.00,PACE
2/11/2020 6:00:00 AM,3137.00,PACW
2/11/2020 6:00:00 AM,11838.00,PGE
2/11/2020 6:00:00 AM,2973.00,PGE-NEW
2/11/2020 6:00:00 AM,3730.00,PSEI
2/11/2020 6:00:00 AM,11283.00,SCE
2/11/2020 6:00:00 AM,2366.00,SDGE
2/11/2020 6:00:00 AM,98.00,VEA
2/11/2020 7:00:00 AM,3211.00,AZPS
2/11/2020 7:00:00 AM,1305.00,BANCSMUD
2/11/2020 7:00:00 AM,9067.00,BCHA
2/11/2020 7:00:00 AM,26049.00,CA ISO
2/11/2020 7:00:00 AM,2272.00,IPCO
2/11/2020 7:00:00 AM,21.00,MWD
2/11/2020 7:00:00 AM,3922.00,NEVP
2/11/2020 7:00:00 AM,6064.00,PACE
2/11/2020 7:00:00 AM,3254.00,PACW
2/11/2020 7:00:00 AM,12148.00,PGE
2/11/2020 7:00:00 AM,3119.00,PGE-NEW
2/11/2020 7:00:00 AM,3881.00,PSEI
2/11/2020 7:00:00 AM,11436.00,SCE
2/11/2020 7:00:00 AM,2351.00,SDGE
2/11/2020 7:00:00 AM,93.00,VEA
2/11/2020 8:00:00 AM,2990.00,AZPS
2/11/2020 8:00:00 AM,1262.00,BANCSMUD
2/11/2020 8:00:00 AM,9102.00,BCHA
2/11/2020 8:00:00 AM,25130.00,CA ISO
2/11/2020 8:00:00 AM,2198.00,IPCO
2/11/2020 8:00:00 AM,5.00,MWD
2/11/2020 8:00:00 AM,3836.00,NEVP
2/11/2020 8:00:00 AM,5942.00,PACE
2/11/2020 8:00:00 AM,3120.00,PACW
2/11/2020 8:00:00 AM,11699.00,PGE
2/11/2020 8:00:00 AM,3079.00,PGE-NEW
2/11/2020 8:00:00 AM,3825.00,PSEI
2/11/2020 8:00:00 AM,11225.00,SCE
2/11/2020 8:00:00 AM,2119.00,SDGE
2/11/2020 8:00:00 AM,82.00,VEA
2/11/2020 9:00:00 AM,2879.00,AZPS
2/11/2020 9:00:00 AM,1213.00,BANCSMUD
2/11/2020 9:00:00 AM,9020.00,BCHA
2/11/2020 9:00:00 AM,24298.00,CA ISO
2/11/2020 9:00:00 AM,2111.00,IPCO
2/11/2020 9:00:00 AM,1.00,MWD
2/11/2020 9:00:00 AM,3750.00,NEVP
2/11/2020 9:00:00 AM,5816.00,PACE
2/11/2020 9:00:00 AM,2968.00,PACW
2/11/2020 9:00:00 AM,11456.00,PGE
2/11/2020 9:00:00 AM,3026.00,PGE-NEW
2/11/2020 9:00:00 AM,3750.00,PSEI
2/11/2020 9:00:00 AM,10909.00,SCE
2/11/2020 9:00:00 AM,1857.00,SDGE
2/11/2020 9:00:00 AM,75.00,VEA
2/11/2020 10:00:00 AM,2765.00,AZPS
2/11/2020 10:00:00 AM,1173.00,BANCSMUD
2/11/2020 10:00:00 AM,8899.00,BCHA
2/11/2020 10:00:00 AM,23301.00,CA ISO
2/11/2020 10:00:00 AM,2010.00,IPCO
2/11/2020 10:00:00 AM,4.00,MWD
2/11/2020 10:00:00 AM,3669.00,NEVP
2/11/2020 10:00:00 AM,5695.00,PACE
2/11/2020 10:00:00 AM,2829.00,PACW
2/11/2020 10:00:00 AM,10932.00,PGE
2/11/2020 10:00:00 AM,2979.00,PGE-NEW
2/11/2020 10:00:00 AM,3678.00,PSEI
2/11/2020 10:00:00 AM,10614.00,SCE
2/11/2020 10:00:00 AM,1682.00,SDGE
2/11/2020 10:00:00 AM,69.00,VEA
2/11/2020 11:00:00 AM,2601.00,AZPS
2/11/2020 11:00:00 AM,1141.00,BANCSMUD
2/11/2020 11:00:00 AM,8777.00,BCHA
2/11/2020 11:00:00 AM,22762.00,CA ISO
2/11/2020 11:00:00 AM,1930.00,IPCO
2/11/2020 11:00:00 AM,9.00,MWD
2/11/2020 11:00:00 AM,3594.00,NEVP
2/11/2020 11:00:00 AM,5594.00,PACE
2/11/2020 11:00:00 AM,2703.00,PACW
2/11/2020 11:00:00 AM,10594.00,PGE
2/11/2020 11:00:00 AM,2935.00,PGE-NEW
2/11/2020 11:00:00 AM,3593.00,PSEI
2/11/2020 11:00:00 AM,10477.00,SCE
2/11/2020 11:00:00 AM,1619.00,SDGE
2/11/2020 11:00:00 AM,63.00,VEA
2/11/2020 12:00:00 PM,2480.00,AZPS
2/11/2020 12:00:00 PM,1122.00,BANCSMUD
2/11/2020 12:00:00 PM,8681.00,BCHA
2/11/2020 12:00:00 PM,22615.00,CA ISO
2/11/2020 12:00:00 PM,1871.00,IPCO
2/11/2020 12:00:00 PM,11.00,MWD
2/11/2020 12:00:00 PM,3545.00,NEVP
2/11/2020 12:00:00 PM,5535.00,PACE
2/11/2020 12:00:00 PM,2602.00,PACW
2/11/2020 12:00:00 PM,10489.00,PGE
2/11/2020 12:00:00 PM,2894.00,PGE-NEW
2/11/2020 12:00:00 PM,3514.00,PSEI
2/11/2020 12:00:00 PM,10405.00,SCE
2/11/2020 12:00:00 PM,1651.00,SDGE
2/11/2020 12:00:00 PM,59.00,VEA
2/11/2020 1:00:00 PM,2405.00,AZPS
2/11/2020 1:00:00 PM,1113.00,BANCSMUD
2/11/2020 1:00:00 PM,8565.00,BCHA
2/11/2020 1:00:00 PM,22842.00,CA ISO
2/11/2020 1:00:00 PM,1830.00,IPCO
2/11/2020 1:00:00 PM,10.00,MWD
2/11/2020 1:00:00 PM,3535.00,NEVP
2/11/2020 1:00:00 PM,5495.00,PACE
2/11/2020 1:00:00 PM,2515.00,PACW
2/11/2020 1:00:00 PM,10577.00,PGE
2/11/2020 1:00:00 PM,2847.00,PGE-NEW
2/11/2020 1:00:00 PM,3441.00,PSEI
2/11/2020 1:00:00 PM,10474.00,SCE
2/11/2020 1:00:00 PM,1724.00,SDGE
2/11/2020 1:00:00 PM,57.00,VEA
2/11/2020 2:00:00 PM,2440.00,AZPS
2/11/2020 2:00:00 PM,1111.00,BANCSMUD
2/11/2020 2:00:00 PM,8493.00,BCHA
2/11/2020 2:00:00 PM,23254.00,CA ISO
2/11/2020 2:00:00 PM,1810.00,IPCO
2/11/2020 2:00:00 PM,8.00,MWD
2/11/2020 2:00:00 PM,3558.00,NEVP
2/11/2020 2:00:00 PM,5518.00,PACE
2/11/2020 2:00:00 PM,2452.00,PACW
2/11/2020 2:00:00 PM,10775.00,PGE
2/11/2020 2:00:00 PM,2811.00,PGE-NEW
2/11/2020 2:00:00 PM,3415.00,PSEI
2/11/2020 2:00:00 PM,10589.00,SCE
2/11/2020 2:00:00 PM,1826.00,SDGE
2/11/2020 2:00:00 PM,56.00,VEA
2/11/2020 3:00:00 PM,2646.00,AZPS
2/11/2020 3:00:00 PM,1122.00,BANCSMUD
2/11/2020 3:00:00 PM,8575.00,BCHA
2/11/2020 3:00:00 PM,24097.00,CA ISO
2/11/2020 3:00:00 PM,1852.00,IPCO
2/11/2020 3:00:00 PM,8.00,MWD
2/11/2020 3:00:00 PM,3631.00,NEVP
2/11/2020 3:00:00 PM,5620.00,PACE
2/11/2020 3:00:00 PM,2449.00,PACW
2/11/2020 3:00:00 PM,11155.00,PGE
2/11/2020 3:00:00 PM,2833.00,PGE-NEW
2/11/2020 3:00:00 PM,3450.00,PSEI
2/11/2020 3:00:00 PM,10868.00,SCE
2/11/2020 3:00:00 PM,2009.00,SDGE
2/11/2020 3:00:00 PM,57.00,VEA
2/11/2020 4:00:00 PM,2961.00,AZPS
2/11/2020 4:00:00 PM,1153.00,BANCSMUD
2/11/2020 4:00:00 PM,8866.00,BCHA
2/11/2020 4:00:00 PM,25292.00,CA ISO
2/11/2020 4:00:00 PM,1942.00,IPCO
2/11/2020 4:00:00 PM,12.00,MWD
2/11/2020 4:00:00 PM,3795.00,NEVP
2/11/2020 4:00:00 PM,5816.00,PACE
2/11/2020 4:00:00 PM,2544.00,PACW
2/11/2020 4:00:00 PM,11700.00,PGE
2/11/2020 4:00:00 PM,2906.00,PGE-NEW
2/11/2020 4:00:00 PM,3569.00,PSEI
2/11/2020 4:00:00 PM,11258.00,SCE
2/11/2020 4:00:00 PM,2261.00,SDGE
2/11/2020 4:00:00 PM,61.00,VEA
2/11/2020 5:00:00 PM,3238.00,AZPS
2/11/2020 5:00:00 PM,1213.00,BANCSMUD
2/11/2020 5:00:00 PM,9281.00,BCHA
2/11/2020 5:00:00 PM,27105.00,CA ISO
2/11/2020 5:00:00 PM,2052.00,IPCO
2/11/2020 5:00:00 PM,8.00,MWD
2/11/2020 5:00:00 PM,4060.00,NEVP
2/11/2020 5:00:00 PM,6035.00,PACE
2/11/2020 5:00:00 PM,2714.00,PACW
2/11/2020 5:00:00 PM,12460.00,PGE
2/11/2020 5:00:00 PM,3031.00,PGE-NEW
2/11/2020 5:00:00 PM,3731.00,PSEI
2/11/2020 5:00:00 PM,12016.00,SCE
2/11/2020 5:00:00 PM,2552.00,SDGE
2/11/2020 5:00:00 PM,69.00,VEA
2/11/2020 6:00:00 PM,3299.00,AZPS
2/11/2020 6:00:00 PM,1256.00,BANCSMUD
2/11/2020 6:00:00 PM,9306.00,BCHA
2/11/2020 6:00:00 PM,28037.00,CA ISO
2/11/2020 6:00:00 PM,2079.00,IPCO
2/11/2020 6:00:00 PM,6.00,MWD
2/11/2020 6:00:00 PM,4175.00,NEVP
2/11/2020 6:00:00 PM,6020.00,PACE
2/11/2020 6:00:00 PM,2798.00,PACW
2/11/2020 6:00:00 PM,12869.00,PGE
2/11/2020 6:00:00 PM,3072.00,PGE-NEW
2/11/2020 6:00:00 PM,3750.00,PSEI
2/11/2020 6:00:00 PM,12421.00,SCE
2/11/2020 6:00:00 PM,2666.00,SDGE
2/11/2020 6:00:00 PM,75.00,VEA
2/11/2020 7:00:00 PM,3280.00,AZPS
2/11/2020 7:00:00 PM,1233.00,BANCSMUD
2/11/2020 7:00:00 PM,9090.00,BCHA
2/11/2020 7:00:00 PM,27523.00,CA ISO
2/11/2020 7:00:00 PM,2056.00,IPCO
2/11/2020 7:00:00 PM,8.00,MWD
2/11/2020 7:00:00 PM,4169.00,NEVP
2/11/2020 7:00:00 PM,5914.00,PACE
2/11/2020 7:00:00 PM,2753.00,PACW
2/11/2020 7:00:00 PM,12620.00,PGE
2/11/2020 7:00:00 PM,2994.00,PGE-NEW
2/11/2020 7:00:00 PM,3648.00,PSEI
2/11/2020 7:00:00 PM,12208.00,SCE
2/11/2020 7:00:00 PM,2611.00,SDGE
2/11/2020 7:00:00 PM,76.00,VEA
2/11/2020 8:00:00 PM,3170.00,AZPS
2/11/2020 8:00:00 PM,1200.00,BANCSMUD
2/11/2020 8:00:00 PM,8771.00,BCHA
2/11/2020 8:00:00 PM,26660.00,CA ISO
2/11/2020 8:00:00 PM,1968.00,IPCO
2/11/2020 8:00:00 PM,12.00,MWD
2/11/2020 8:00:00 PM,4106.00,NEVP
2/11/2020 8:00:00 PM,5692.00,PACE
2/11/2020 8:00:00 PM,2659.00,PACW
2/11/2020 8:00:00 PM,12177.00,PGE
2/11/2020 8:00:00 PM,2862.00,PGE-NEW
2/11/2020 8:00:00 PM,3480.00,PSEI
2/11/2020 8:00:00 PM,11885.00,SCE
2/11/2020 8:00:00 PM,2510.00,SDGE
2/11/2020 8:00:00 PM,76.00,VEA
2/11/2020 9:00:00 PM,2984.00,AZPS
2/11/2020 9:00:00 PM,1136.00,BANCSMUD
2/11/2020 9:00:00 PM,8351.00,BCHA
2/11/2020 9:00:00 PM,25425.00,CA ISO
2/11/2020 9:00:00 PM,1846.00,IPCO
2/11/2020 9:00:00 PM,13.00,MWD
2/11/2020 9:00:00 PM,3958.00,NEVP
2/11/2020 9:00:00 PM,5404.00,PACE
2/11/2020 9:00:00 PM,2506.00,PACW
2/11/2020 9:00:00 PM,11533.00,PGE
2/11/2020 9:00:00 PM,2663.00,PGE-NEW
2/11/2020 9:00:00 PM,3216.00,PSEI
2/11/2020 9:00:00 PM,11436.00,SCE
2/11/2020 9:00:00 PM,2367.00,SDGE
2/11/2020 9:00:00 PM,76.00,VEA
2/11/2020 10:00:00 PM,2836.00,AZPS
2/11/2020 10:00:00 PM,1046.00,BANCSMUD
2/11/2020 10:00:00 PM,7824.00,BCHA
2/11/2020 10:00:00 PM,23735.00,CA ISO
2/11/2020 10:00:00 PM,1745.00,IPCO
2/11/2020 10:00:00 PM,8.00,MWD
2/11/2020 10:00:00 PM,3790.00,NEVP
2/11/2020 10:00:00 PM,5166.00,PACE
2/11/2020 10:00:00 PM,2324.00,PACW
2/11/2020 10:00:00 PM,10699.00,PGE
2/11/2020 10:00:00 PM,2428.00,PGE-NEW
2/11/2020 10:00:00 PM,2908.00,PSEI
2/11/2020 10:00:00 PM,10779.00,SCE
2/11/2020 10:00:00 PM,2175.00,SDGE
2/11/2020 10:00:00 PM,74.00,VEA
2/11/2020 11:00:00 PM,2767.00,AZPS
2/11/2020 11:00:00 PM,970.00,BANCSMUD
2/11/2020 11:00:00 PM,7399.00,BCHA
2/11/2020 11:00:00 PM,22316.00,CA ISO
2/11/2020 11:00:00 PM,1699.00,IPCO
2/11/2020 11:00:00 PM,9.00,MWD
2/11/2020 11:00:00 PM,3651.00,NEVP
2/11/2020 11:00:00 PM,5017.00,PACE
2/11/2020 11:00:00 PM,2193.00,PACW
2/11/2020 11:00:00 PM,10063.00,PGE
2/11/2020 11:00:00 PM,2242.00,PGE-NEW
2/11/2020 11:00:00 PM,2665.00,PSEI
2/11/2020 11:00:00 PM,10146.00,SCE
2/11/2020 11:00:00 PM,2024.00,SDGE
2/11/2020 11:00:00 PM,74.00,VEA
2/12/2020 12:00:00 AM,2753.00,AZPS
2/12/2020 12:00:00 AM,929.00,BANCSMUD
2/12/2020 12:00:00 AM,7099.00,BCHA
2/12/2020 12:00:00 AM,21388.00,CA ISO
2/12/2020 12:00:00 AM,1685.00,IPCO
2/12/2020 12:00:00 AM,17.00,MWD
2/12/2020 12:00:00 AM,3566.00,NEVP
2/12/2020 12:00:00 AM,4946.00,PACE
2/12/2020 12:00:00 AM,2125.00,PACW
2/12/2020 12:00:00 AM,9651.00,PGE
2/12/2020 12:00:00 AM,2132.00,PGE-NEW
2/12/2020 12:00:00 AM,2527.00,PSEI
2/12/2020 12:00:00 AM,9688.00,SCE
2/12/2020 12:00:00 AM,1956.00,SDGE
2/12/2020 12:00:00 AM,76.00,VEA
2/12/2020 1:00:00 AM,2782.00,AZPS
2/12/2020 1:00:00 AM,902.00,BANCSMUD
2/12/2020 1:00:00 AM,6927.00,BCHA
2/12/2020 1:00:00 AM,20706.00,CA ISO
2/12/2020 1:00:00 AM,1686.00,IPCO
2/12/2020 1:00:00 AM,17.00,MWD
2/12/2020 1:00:00 AM,3527.00,NEVP
2/12/2020 1:00:00 AM,4913.00,PACE
2/12/2020 1:00:00 AM,2113.00,PACW
2/12/2020 1:00:00 AM,9364.00,PGE
2/12/2020 1:00:00 AM,2086.00,PGE-NEW
2/12/2020 1:00:00 AM,2462.00,PSEI
2/12/2020 1:00:00 AM,9362.00,SCE
2/12/2020 1:00:00 AM,1885.00,SDGE
2/12/2020 1:00:00 AM,78.00,VEA
2/12/2020 2:00:00 AM,2864.00,AZPS
2/12/2020 2:00:00 AM,897.00,BANCSMUD
2/12/2020 2:00:00 AM,6884.00,BCHA
2/12/2020 2:00:00 AM,20375.00,CA ISO
2/12/2020 2:00:00 AM,1710.00,IPCO
2/12/2020 2:00:00 AM,12.00,MWD
2/12/2020 2:00:00 AM,3527.00,NEVP
2/12/2020 2:00:00 AM,4938.00,PACE
2/12/2020 2:00:00 AM,2125.00,PACW
2/12/2020 2:00:00 AM,9207.00,PGE
2/12/2020 2:00:00 AM,2072.00,PGE-NEW
2/12/2020 2:00:00 AM,2452.00,PSEI
2/12/2020 2:00:00 AM,9226.00,SCE
2/12/2020 2:00:00 AM,1848.00,SDGE
2/12/2020 2:00:00 AM,82.00,VEA
2/12/2020 3:00:00 AM,3054.00,AZPS
2/12/2020 3:00:00 AM,920.00,BANCSMUD
2/12/2020 3:00:00 AM,6926.00,BCHA
2/12/2020 3:00:00 AM,20437.00,CA ISO
2/12/2020 3:00:00 AM,1780.00,IPCO
2/12/2020 3:00:00 AM,10.00,MWD
2/12/2020 3:00:00 AM,3577.00,NEVP
2/12/2020 3:00:00 AM,5054.00,PACE
2/12/2020 3:00:00 AM,2183.00,PACW
2/12/2020 3:00:00 AM,9234.00,PGE
2/12/2020 3:00:00 AM,2110.00,PGE-NEW
2/12/2020 3:00:00 AM,2519.00,PSEI
2/12/2020 3:00:00 AM,9248.00,SCE
2/12/2020 3:00:00 AM,1858.00,SDGE
2/12/2020 3:00:00 AM,87.00,VEA
2/12/2020 4:00:00 AM,3388.00,AZPS
2/12/2020 4:00:00 AM,981.00,BANCSMUD
2/12/2020 4:00:00 AM,7136.00,BCHA
2/12/2020 4:00:00 AM,21314.00,CA ISO
2/12/2020 4:00:00 AM,1929.00,IPCO
2/12/2020 4:00:00 AM,9.00,MWD
2/12/2020 4:00:00 AM,3698.00,NEVP
2/12/2020 4:00:00 AM,5319.00,PACE
2/12/2020 4:00:00 AM,2347.00,PACW
2/12/2020 4:00:00 AM,9610.00,PGE
2/12/2020 4:00:00 AM,2239.00,PGE-NEW
2/12/2020 4:00:00 AM,2710.00,PSEI
2/12/2020 4:00:00 AM,9647.00,SCE
2/12/2020 4:00:00 AM,1954.00,SDGE
2/12/2020 4:00:00 AM,94.00,VEA
2/12/2020 5:00:00 AM,3725.00,AZPS
2/12/2020 5:00:00 AM,1097.00,BANCSMUD
2/12/2020 5:00:00 AM,7649.00,BCHA
2/12/2020 5:00:00 AM,23234.00,CA ISO
2/12/2020 5:00:00 AM,2119.00,IPCO
2/12/2020 5:00:00 AM,10.00,MWD
2/12/2020 5:00:00 AM,3894.00,NEVP
2/12/2020 5:00:00 AM,5675.00,PACE
2/12/2020 5:00:00 AM,2651.00,PACW
2/12/2020 5:00:00 AM,10475.00,PGE
2/12/2020 5:00:00 AM,2496.00,PGE-NEW
2/12/2020 5:00:00 AM,3037.00,PSEI
2/12/2020 5:00:00 AM,10472.00,SCE
2/12/2020 5:00:00 AM,2172.00,SDGE
2/12/2020 5:00:00 AM,105.00,VEA
2/12/2020 6:00:00 AM,3743.00,AZPS
2/12/2020 6:00:00 AM,1235.00,BANCSMUD
2/12/2020 6:00:00 AM,8410.00,BCHA
2/12/2020 6:00:00 AM,25444.00,CA ISO
2/12/2020 6:00:00 AM,2214.00,IPCO
2/12/2020 6:00:00 AM,13.00,MWD
2/12/2020 6:00:00 AM,4042.00,NEVP
2/12/2020 6:00:00 AM,5924.00,PACE
2/12/2020 6:00:00 AM,3005.00,PACW
2/12/2020 6:00:00 AM,11584.00,PGE
2/12/2020 6:00:00 AM,2802.00,PGE-NEW
2/12/2020 6:00:00 AM,3391.00,PSEI
2/12/2020 6:00:00 AM,11321.00,SCE
2/12/2020 6:00:00 AM,2414.00,SDGE
2/12/2020 6:00:00 AM,112.00,VEA
2/12/2020 7:00:00 AM,3420.00,AZPS
2/12/2020 7:00:00 AM,1275.00,BANCSMUD
2/12/2020 7:00:00 AM,9003.00,BCHA
2/12/2020 7:00:00 AM,25933.00,CA ISO
2/12/2020 7:00:00 AM,2153.00,IPCO
2/12/2020 7:00:00 AM,12.00,MWD
2/12/2020 7:00:00 AM,3975.00,NEVP
2/12/2020 7:00:00 AM,5951.00,PACE
2/12/2020 7:00:00 AM,3118.00,PACW
2/12/2020 7:00:00 AM,11973.00,PGE
2/12/2020 7:00:00 AM,2943.00,PGE-NEW
2/12/2020 7:00:00 AM,3553.00,PSEI
2/12/2020 7:00:00 AM,11435.00,SCE
2/12/2020 7:00:00 AM,2406.00,SDGE
2/12/2020 7:00:00 AM,107.00,VEA
2/12/2020 8:00:00 AM,3212.00,AZPS
2/12/2020 8:00:00 AM,1234.00,BANCSMUD
2/12/2020 8:00:00 AM,9046.00,BCHA
2/12/2020 8:00:00 AM,24928.00,CA ISO
2/12/2020 8:00:00 AM,2062.00,IPCO
2/12/2020 8:00:00 AM,11.00,MWD
2/12/2020 8:00:00 AM,3851.00,NEVP
2/12/2020 8:00:00 AM,5881.00,PACE
2/12/2020 8:00:00 AM,2982.00,PACW
2/12/2020 8:00:00 AM,11580.00,PGE
2/12/2020 8:00:00 AM,2918.00,PGE-NEW
2/12/2020 8:00:00 AM,3507.00,PSEI
2/12/2020 8:00:00 AM,11064.00,SCE
2/12/2020 8:00:00 AM,2178.00,SDGE
2/12/2020 8:00:00 AM,95.00,VEA
2/12/2020 9:00:00 AM,3288.00,AZPS
2/12/2020 9:00:00 AM,1190.00,BANCSMUD
2/12/2020 9:00:00 AM,8986.00,BCHA
2/12/2020 9:00:00 AM,23630.00,CA ISO
2/12/2020 9:00:00 AM,1992.00,IPCO
2/12/2020 9:00:00 AM,9.00,MWD
2/12/2020 9:00:00 AM,3708.00,NEVP
2/12/2020 9:00:00 AM,5745.00,PACE
2/12/2020 9:00:00 AM,2833.00,PACW
2/12/2020 9:00:00 AM,10897.00,PGE
2/12/2020 9:00:00 AM,2870.00,PGE-NEW
2/12/2020 9:00:00 AM,3425.00,PSEI
2/12/2020 9:00:00 AM,10697.00,SCE
2/12/2020 9:00:00 AM,1947.00,SDGE
2/12/2020 9:00:00 AM,80.00,VEA
2/12/2020 10:00:00 AM,2386.00,AZPS
2/12/2020 10:00:00 AM,1150.00,BANCSMUD
2/12/2020 10:00:00 AM,8891.00,BCHA
2/12/2020 10:00:00 AM,22613.00,CA ISO
2/12/2020 10:00:00 AM,1924.00,IPCO
2/12/2020 10:00:00 AM,10.00,MWD
2/12/2020 10:00:00 AM,3614.00,NEVP
2/12/2020 10:00:00 AM,5604.00,PACE
2/12/2020 10:00:00 AM,2692.00,PACW
2/12/2020 10:00:00 AM,10382.00,PGE
2/12/2020 10:00:00 AM,2818.00,PGE-NEW
2/12/2020 10:00:00 AM,3350.00,PSEI
2/12/2020 10:00:00 AM,10382.00,SCE
2/12/2020 10:00:00 AM,1773.00,SDGE
2/12/2020 10:00:00 AM,66.00,VEA
2/12/2020 11:00:00 AM,2257.00,AZPS
2/12/2020 11:00:00 AM,1122.00,BANCSMUD
2/12/2020 11:00:00 AM,8766.00,BCHA
2/12/2020 11:00:00 AM,22103.00,CA ISO
2/12/2020 11:00:00 AM,1854.00,IPCO
2/12/2020 11:00:00 AM,9.00,MWD
2/12/2020 11:00:00 AM,3549.00,NEVP
2/12/2020 11:00:00 AM,5507.00,PACE
2/12/2020 11:00:00 AM,2571.00,PACW
2/12/2020 11:00:00 AM,10162.00,PGE
2/12/2020 11:00:00 AM,2755.00,PGE-NEW
2/12/2020 11:00:00 AM,3267.00,PSEI
2/12/2020 11:00:00 AM,10194.00,SCE
2/12/2020 11:00:00 AM,1681.00,SDGE
2/12/2020 11:00:00 AM,57.00,VEA
2/12/2020 12:00:00 PM,2196.00,AZPS
2/12/2020 12:00:00 PM,1105.00,BANCSMUD
2/12/2020 12:00:00 PM,8655.00,BCHA
2/12/2020 12:00:00 PM,22083.00,CA ISO
2/12/2020 12:00:00 PM,1806.00,IPCO
2/12/2020 12:00:00 PM,3.00,MWD
2/12/2020 12:00:00 PM,3517.00,NEVP
2/12/2020 12:00:00 PM,5442.00,PACE
2/12/2020 12:00:00 PM,2489.00,PACW
2/12/2020 12:00:00 PM,10231.00,PGE
2/12/2020 12:00:00 PM,2677.00,PGE-NEW
2/12/2020 12:00:00 PM,3207.00,PSEI
2/12/2020 12:00:00 PM,10103.00,SCE
2/12/2020 12:00:00 PM,1691.00,SDGE
2/12/2020 12:00:00 PM,55.00,VEA
2/12/2020 1:00:00 PM,2210.00,AZPS
2/12/2020 1:00:00 PM,1098.00,BANCSMUD
2/12/2020 1:00:00 PM,8570.00,BCHA
2/12/2020 1:00:00 PM,22344.00,CA ISO
2/12/2020 1:00:00 PM,1774.00,IPCO
2/12/2020 1:00:00 PM,0.00,MWD
2/12/2020 1:00:00 PM,3503.00,NEVP
2/12/2020 1:00:00 PM,5393.00,PACE
2/12/2020 1:00:00 PM,2414.00,PACW
2/12/2020 1:00:00 PM,10407.00,PGE
2/12/2020 1:00:00 PM,2598.00,PGE-NEW
2/12/2020 1:00:00 PM,3177.00,PSEI
2/12/2020 1:00:00 PM,10146.00,SCE
2/12/2020 1:00:00 PM,1737.00,SDGE
2/12/2020 1:00:00 PM,54.00,VEA
2/12/2020 2:00:00 PM,2319.00,AZPS
2/12/2020 2:00:00 PM,1098.00,BANCSMUD
2/12/2020 2:00:00 PM,8534.00,BCHA
2/12/2020 2:00:00 PM,22938.00,CA ISO
2/12/2020 2:00:00 PM,1767.00,IPCO
2/12/2020 2:00:00 PM,0.00,MWD
2/12/2020 2:00:00 PM,3532.00,NEVP
2/12/2020 2:00:00 PM,5420.00,PACE
2/12/2020 2:00:00 PM,2356.00,PACW
2/12/2020 2:00:00 PM,10728.00,PGE
2/12/2020 2:00:00 PM,2544.00,PGE-NEW
2/12/2020 2:00:00 PM,3178.00,PSEI
2/12/2020 2:00:00 PM,10303.00,SCE
2/12/2020 2:00:00 PM,1854.00,SDGE
2/12/2020 2:00:00 PM,53.00,VEA
2/12/2020 3:00:00 PM,2528.00,AZPS
2/12/2020 3:00:00 PM,1110.00,BANCSMUD
2/12/2020 3:00:00 PM,8608.00,BCHA
2/12/2020 3:00:00 PM,23739.00,CA ISO
2/12/2020 3:00:00 PM,1798.00,IPCO
2/12/2020 3:00:00 PM,0.00,MWD
2/12/2020 3:00:00 PM,3610.00,NEVP
2/12/2020 3:00:00 PM,5524.00,PACE
2/12/2020 3:00:00 PM,2344.00,PACW
2/12/2020 3:00:00 PM,11121.00,PGE
2/12/2020 3:00:00 PM,2543.00,PGE-NEW
2/12/2020 3:00:00 PM,3236.00,PSEI
2/12/2020 3:00:00 PM,10543.00,SCE
2/12/2020 3:00:00 PM,2021.00,SDGE
2/12/2020 3:00:00 PM,54.00,VEA
2/12/2020 4:00:00 PM,2853.00,AZPS
2/12/2020 4:00:00 PM,1146.00,BANCSMUD
2/12/2020 4:00:00 PM,8874.00,BCHA
2/12/2020 4:00:00 PM,24781.00,CA ISO
2/12/2020 4:00:00 PM,1881.00,IPCO
2/12/2020 4:00:00 PM,0.00,MWD
2/12/2020 4:00:00 PM,3764.00,NEVP
2/12/2020 4:00:00 PM,5725.00,PACE
2/12/2020 4:00:00 PM,2433.00,PACW
2/12/2020 4:00:00 PM,11489.00,PGE
2/12/2020 4:00:00 PM,2636.00,PGE-NEW
2/12/2020 4:00:00 PM,3373.00,PSEI
2/12/2020 4:00:00 PM,10972.00,SCE
2/12/2020 4:00:00 PM,2263.00,SDGE
2/12/2020 4:00:00 PM,57.00,VEA
2/12/2020 5:00:00 PM,3158.00,AZPS
2/12/2020 5:00:00 PM,1208.00,BANCSMUD
2/12/2020 5:00:00 PM,9264.00,BCHA
2/12/2020 5:00:00 PM,26613.00,CA ISO
2/12/2020 5:00:00 PM,1998.00,IPCO
2/12/2020 5:00:00 PM,0.00,MWD
2/12/2020 5:00:00 PM,4002.00,NEVP
2/12/2020 5:00:00 PM,5905.00,PACE
2/12/2020 5:00:00 PM,2618.00,PACW
2/12/2020 5:00:00 PM,12258.00,PGE
2/12/2020 5:00:00 PM,2808.00,PGE-NEW
2/12/2020 5:00:00 PM,3549.00,PSEI
2/12/2020 5:00:00 PM,11738.00,SCE
2/12/2020 5:00:00 PM,2553.00,SDGE
2/12/2020 5:00:00 PM,64.00,VEA
2/12/2020 6:00:00 PM,3225.00,AZPS
2/12/2020 6:00:00 PM,1258.00,BANCSMUD
2/12/2020 6:00:00 PM,9306.00,BCHA
2/12/2020 6:00:00 PM,27667.00,CA ISO
2/12/2020 6:00:00 PM,2025.00,IPCO
2/12/2020 6:00:00 PM,0.00,MWD
2/12/2020 6:00:00 PM,4115.00,NEVP
2/12/2020 6:00:00 PM,5896.00,PACE
2/12/2020 6:00:00 PM,2750.00,PACW
2/12/2020 6:00:00 PM,12730.00,PGE
2/12/2020 6:00:00 PM,2927.00,PGE-NEW
2/12/2020 6:00:00 PM,3599.00,PSEI
2/12/2020 6:00:00 PM,12198.00,SCE
2/12/2020 6:00:00 PM,2671.00,SDGE
2/12/2020 6:00:00 PM,68.00,VEA
2/12/2020 7:00:00 PM,3220.00,AZPS
2/12/2020 7:00:00 PM,1241.00,BANCSMUD
2/12/2020 7:00:00 PM,9129.00,BCHA
2/12/2020 7:00:00 PM,27343.00,CA ISO
2/12/2020 7:00:00 PM,2004.00,IPCO
2/12/2020 7:00:00 PM,0.00,MWD
2/12/2020 7:00:00 PM,4110.00,NEVP
2/12/2020 7:00:00 PM,5800.00,PACE
2/12/2020 7:00:00 PM,2745.00,PACW
2/12/2020 7:00:00 PM,12509.00,PGE
2/12/2020 7:00:00 PM,2902.00,PGE-NEW
2/12/2020 7:00:00 PM,3517.00,PSEI
2/12/2020 7:00:00 PM,12145.00,SCE
2/12/2020 7:00:00 PM,2619.00,SDGE
2/12/2020 7:00:00 PM,70.00,VEA
2/12/2020 8:00:00 PM,3127.00,AZPS
2/12/2020 8:00:00 PM,1208.00,BANCSMUD
2/12/2020 8:00:00 PM,8845.00,BCHA
2/12/2020 8:00:00 PM,26553.00,CA ISO
2/12/2020 8:00:00 PM,1940.00,IPCO
2/12/2020 8:00:00 PM,0.00,MWD
2/12/2020 8:00:00 PM,4044.00,NEVP
2/12/2020 8:00:00 PM,5593.00,PACE
2/12/2020 8:00:00 PM,2687.00,PACW
2/12/2020 8:00:00 PM,12122.00,PGE
2/12/2020 8:00:00 PM,2825.00,PGE-NEW
2/12/2020 8:00:00 PM,3386.00,PSEI
2/12/2020 8:00:00 PM,11834.00,SCE
2/12/2020 8:00:00 PM,2527.00,SDGE
2/12/2020 8:00:00 PM,70.00,VEA
2/12/2020 9:00:00 PM,2952.00,AZPS
2/12/2020 9:00:00 PM,1143.00,BANCSMUD
2/12/2020 9:00:00 PM,8443.00,BCHA
2/12/2020 9:00:00 PM,25297.00,CA ISO
2/12/2020 9:00:00 PM,1843.00,IPCO
2/12/2020 9:00:00 PM,0.00,MWD
2/12/2020 9:00:00 PM,3906.00,NEVP
2/12/2020 9:00:00 PM,5322.00,PACE
2/12/2020 9:00:00 PM,2564.00,PACW
2/12/2020 9:00:00 PM,11508.00,PGE
2/12/2020 9:00:00 PM,2670.00,PGE-NEW
2/12/2020 9:00:00 PM,3166.00,PSEI
2/12/2020 9:00:00 PM,11342.00,SCE
2/12/2020 9:00:00 PM,2377.00,SDGE
2/12/2020 9:00:00 PM,70.00,VEA
2/12/2020 10:00:00 PM,2808.00,AZPS
2/12/2020 10:00:00 PM,1055.00,BANCSMUD
2/12/2020 10:00:00 PM,7937.00,BCHA
2/12/2020 10:00:00 PM,23624.00,CA ISO
2/12/2020 10:00:00 PM,1762.00,IPCO
2/12/2020 10:00:00 PM,0.00,MWD
2/12/2020 10:00:00 PM,3749.00,NEVP
2/12/2020 10:00:00 PM,5087.00,PACE
2/12/2020 10:00:00 PM,2404.00,PACW
2/12/2020 10:00:00 PM,10716.00,PGE
2/12/2020 10:00:00 PM,2466.00,PGE-NEW
2/12/2020 10:00:00 PM,2900.00,PSEI
2/12/2020 10:00:00 PM,10666.00,SCE
2/12/2020 10:00:00 PM,2173.00,SDGE
2/12/2020 10:00:00 PM,69.00,VEA
2/12/2020 11:00:00 PM,2746.00,AZPS
2/12/2020 11:00:00 PM,978.00,BANCSMUD
2/12/2020 11:00:00 PM,7491.00,BCHA
2/12/2020 11:00:00 PM,22239.00,CA ISO
2/12/2020 11:00:00 PM,1724.00,IPCO
2/12/2020 11:00:00 PM,0.00,MWD
2/12/2020 11:00:00 PM,3619.00,NEVP
2/12/2020 11:00:00 PM,4940.00,PACE
2/12/2020 11:00:00 PM,2283.00,PACW
2/12/2020 11:00:00 PM,10065.00,PGE
2/12/2020 11:00:00 PM,2304.00,PGE-NEW
2/12/2020 11:00:00 PM,2692.00,PSEI
2/12/2020 11:00:00 PM,10086.00,SCE
2/12/2020 11:00:00 PM,2018.00,SDGE
2/12/2020 11:00:00 PM,70.00,VEA
2/13/2020 12:00:00 AM,2731.00,AZPS
2/13/2020 12:00:00 AM,934.00,BANCSMUD
2/13/2020 12:00:00 AM,7182.00,BCHA
2/13/2020 12:00:00 AM,21381.00,CA ISO
2/13/2020 12:00:00 AM,1711.00,IPCO
2/13/2020 12:00:00 AM,0.00,MWD
2/13/2020 12:00:00 AM,3539.00,NEVP
2/13/2020 12:00:00 AM,4879.00,PACE
2/13/2020 12:00:00 AM,2229.00,PACW
2/13/2020 12:00:00 AM,9656.00,PGE
2/13/2020 12:00:00 AM,2218.00,PGE-NEW
2/13/2020 12:00:00 AM,2577.00,PSEI
2/13/2020 12:00:00 AM,9708.00,SCE
2/13/2020 12:00:00 AM,1945.00,SDGE
2/13/2020 12:00:00 AM,72.00,VEA
2/13/2020 1:00:00 AM,2758.00,AZPS
2/13/2020 1:00:00 AM,910.00,BANCSMUD
2/13/2020 1:00:00 AM,7025.00,BCHA
2/13/2020 1:00:00 AM,20857.00,CA ISO
2/13/2020 1:00:00 AM,1722.00,IPCO
2/13/2020 1:00:00 AM,0.00,MWD
2/13/2020 1:00:00 AM,3504.00,NEVP
2/13/2020 1:00:00 AM,4861.00,PACE
2/13/2020 1:00:00 AM,2212.00,PACW
2/13/2020 1:00:00 AM,9401.00,PGE
2/13/2020 1:00:00 AM,2181.00,PGE-NEW
2/13/2020 1:00:00 AM,2533.00,PSEI
2/13/2020 1:00:00 AM,9495.00,SCE
2/13/2020 1:00:00 AM,1887.00,SDGE
2/13/2020 1:00:00 AM,74.00,VEA
2/13/2020 2:00:00 AM,2838.00,AZPS
2/13/2020 2:00:00 AM,903.00,BANCSMUD
2/13/2020 2:00:00 AM,6977.00,BCHA
2/13/2020 2:00:00 AM,20595.00,CA ISO
2/13/2020 2:00:00 AM,1753.00,IPCO
2/13/2020 2:00:00 AM,0.00,MWD
2/13/2020 2:00:00 AM,3503.00,NEVP
2/13/2020 2:00:00 AM,4909.00,PACE
2/13/2020 2:00:00 AM,2232.00,PACW
2/13/2020 2:00:00 AM,9309.00,PGE
2/13/2020 2:00:00 AM,2172.00,PGE-NEW
2/13/2020 2:00:00 AM,2546.00,PSEI
2/13/2020 2:00:00 AM,9363.00,SCE
2/13/2020 2:00:00 AM,1844.00,SDGE
2/13/2020 2:00:00 AM,79.00,VEA
2/13/2020 3:00:00 AM,3022.00,AZPS
2/13/2020 3:00:00 AM,925.00,BANCSMUD
2/13/2020 3:00:00 AM,6992.00,BCHA
2/13/2020 3:00:00 AM,20710.00,CA ISO
2/13/2020 3:00:00 AM,1832.00,IPCO
2/13/2020 3:00:00 AM,0.00,MWD
2/13/2020 3:00:00 AM,3554.00,NEVP
2/13/2020 3:00:00 AM,5035.00,PACE
2/13/2020 3:00:00 AM,2299.00,PACW
2/13/2020 3:00:00 AM,9373.00,PGE
2/13/2020 3:00:00 AM,2214.00,PGE-NEW
2/13/2020 3:00:00 AM,2632.00,PSEI
2/13/2020 3:00:00 AM,9406.00,SCE
2/13/2020 3:00:00 AM,1848.00,SDGE
2/13/2020 3:00:00 AM,83.00,VEA
2/13/2020 4:00:00 AM,3356.00,AZPS
2/13/2020 4:00:00 AM,986.00,BANCSMUD
2/13/2020 4:00:00 AM,7180.00,BCHA
2/13/2020 4:00:00 AM,21505.00,CA ISO
2/13/2020 4:00:00 AM,1984.00,IPCO
2/13/2020 4:00:00 AM,0.00,MWD
2/13/2020 4:00:00 AM,3679.00,NEVP
2/13/2020 4:00:00 AM,5307.00,PACE
2/13/2020 4:00:00 AM,2460.00,PACW
2/13/2020 4:00:00 AM,9748.00,PGE
2/13/2020 4:00:00 AM,2343.00,PGE-NEW
2/13/2020 4:00:00 AM,2842.00,PSEI
2/13/2020 4:00:00 AM,9718.00,SCE
2/13/2020 4:00:00 AM,1948.00,SDGE
2/13/2020 4:00:00 AM,91.00,VEA
2/13/2020 5:00:00 AM,3683.00,AZPS
2/13/2020 5:00:00 AM,1105.00,BANCSMUD
2/13/2020 5:00:00 AM,7652.00,BCHA
2/13/2020 5:00:00 AM,23339.00,CA ISO
2/13/2020 5:00:00 AM,2173.00,IPCO
2/13/2020 5:00:00 AM,0.00,MWD
2/13/2020 5:00:00 AM,3884.00,NEVP
2/13/2020 5:00:00 AM,5682.00,PACE
2/13/2020 5:00:00 AM,2771.00,PACW
2/13/2020 5:00:00 AM,10598.00,PGE
2/13/2020 5:00:00 AM,2595.00,PGE-NEW
2/13/2020 5:00:00 AM,3184.00,PSEI
2/13/2020 5:00:00 AM,10469.00,SCE
2/13/2020 5:00:00 AM,2171.00,SDGE
2/13/2020 5:00:00 AM,101.00,VEA
2/13/2020 6:00:00 AM,3669.00,AZPS
2/13/2020 6:00:00 AM,1242.00,BANCSMUD
2/13/2020 6:00:00 AM,8384.00,BCHA
2/13/2020 6:00:00 AM,25504.00,CA ISO
2/13/2020 6:00:00 AM,2263.00,IPCO
2/13/2020 6:00:00 AM,0.00,MWD
2/13/2020 6:00:00 AM,4037.00,NEVP
2/13/2020 6:00:00 AM,5907.00,PACE
2/13/2020 6:00:00 AM,3118.00,PACW
2/13/2020 6:00:00 AM,11668.00,PGE
2/13/2020 6:00:00 AM,2901.00,PGE-NEW
2/13/2020 6:00:00 AM,3543.00,PSEI
2/13/2020 6:00:00 AM,11317.00,SCE
2/13/2020 6:00:00 AM,2410.00,SDGE
2/13/2020 6:00:00 AM,109.00,VEA
2/13/2020 7:00:00 AM,3290.00,AZPS
2/13/2020 7:00:00 AM,1279.00,BANCSMUD
2/13/2020 7:00:00 AM,8985.00,BCHA
2/13/2020 7:00:00 AM,25982.00,CA ISO
2/13/2020 7:00:00 AM,2211.00,IPCO
2/13/2020 7:00:00 AM,0.00,MWD
2/13/2020 7:00:00 AM,3965.00,NEVP
2/13/2020 7:00:00 AM,5871.00,PACE
2/13/2020 7:00:00 AM,3234.00,PACW
2/13/2020 7:00:00 AM,12054.00,PGE
2/13/2020 7:00:00 AM,3043.00,PGE-NEW
2/13/2020 7:00:00 AM,3706.00,PSEI
2/13/2020 7:00:00 AM,11434.00,SCE
2/13/2020 7:00:00 AM,2392.00,SDGE
2/13/2020 7:00:00 AM,102.00,VEA
2/13/2020 8:00:00 AM,2884.00,AZPS
2/13/2020 8:00:00 AM,1242.00,BANCSMUD
2/13/2020 8:00:00 AM,9070.00,BCHA
2/13/2020 8:00:00 AM,25040.00,CA ISO
2/13/2020 8:00:00 AM,2108.00,IPCO
2/13/2020 8:00:00 AM,0.00,MWD
2/13/2020 8:00:00 AM,3840.00,NEVP
2/13/2020 8:00:00 AM,5739.00,PACE
2/13/2020 8:00:00 AM,3104.00,PACW
2/13/2020 8:00:00 AM,11725.00,PGE
2/13/2020 8:00:00 AM,3017.00,PGE-NEW
2/13/2020 8:00:00 AM,3689.00,PSEI
2/13/2020 8:00:00 AM,11061.00,SCE
2/13/2020 8:00:00 AM,2166.00,SDGE
2/13/2020 8:00:00 AM,88.00,VEA
2/13/2020 9:00:00 AM,2593.00,AZPS
2/13/2020 9:00:00 AM,1199.00,BANCSMUD
2/13/2020 9:00:00 AM,9055.00,BCHA
2/13/2020 9:00:00 AM,24159.00,CA ISO
2/13/2020 9:00:00 AM,2012.00,IPCO
2/13/2020 9:00:00 AM,0.00,MWD
2/13/2020 9:00:00 AM,3728.00,NEVP
2/13/2020 9:00:00 AM,5601.00,PACE
2/13/2020 9:00:00 AM,2955.00,PACW
2/13/2020 9:00:00 AM,11453.00,PGE
2/13/2020 9:00:00 AM,2993.00,PGE-NEW
2/13/2020 9:00:00 AM,3641.00,PSEI
2/13/2020 9:00:00 AM,10687.00,SCE
2/13/2020 9:00:00 AM,1943.00,SDGE
2/13/2020 9:00:00 AM,76.00,VEA
2/13/2020 10:00:00 AM,2384.00,AZPS
2/13/2020 10:00:00 AM,1161.00,BANCSMUD
2/13/2020 10:00:00 AM,9010.00,BCHA
2/13/2020 10:00:00 AM,23337.00,CA ISO
2/13/2020 10:00:00 AM,1927.00,IPCO
2/13/2020 10:00:00 AM,0.00,MWD
2/13/2020 10:00:00 AM,3652.00,NEVP
2/13/2020 10:00:00 AM,5474.00,PACE
2/13/2020 10:00:00 AM,2838.00,PACW
2/13/2020 10:00:00 AM,11083.00,PGE
2/13/2020 10:00:00 AM,2993.00,PGE-NEW
2/13/2020 10:00:00 AM,3597.00,PSEI
2/13/2020 10:00:00 AM,10415.00,SCE
2/13/2020 10:00:00 AM,1773.00,SDGE
2/13/2020 10:00:00 AM,66.00,VEA
2/13/2020 11:00:00 AM,2247.00,AZPS
2/13/2020 11:00:00 AM,1129.00,BANCSMUD
2/13/2020 11:00:00 AM,8970.00,BCHA
2/13/2020 11:00:00 AM,22680.00,CA ISO
2/13/2020 11:00:00 AM,1852.00,IPCO
2/13/2020 11:00:00 AM,0.00,MWD
2/13/2020 11:00:00 AM,3588.00,NEVP
2/13/2020 11:00:00 AM,5396.00,PACE
2/13/2020 11:00:00 AM,2729.00,PACW
2/13/2020 11:00:00 AM,10651.00,PGE
2/13/2020 11:00:00 AM,2970.00,PGE-NEW
2/13/2020 11:00:00 AM,3539.00,PSEI
2/13/2020 11:00:00 AM,10298.00,SCE
2/13/2020 11:00:00 AM,1672.00,SDGE
2/13/2020 11:00:00 AM,59.00,VEA
2/13/2020 12:00:00 PM,2191.00,AZPS
2/13/2020 12:00:00 PM,1103.00,BANCSMUD
2/13/2020 12:00:00 PM,8904.00,BCHA
2/13/2020 12:00:00 PM,22468.00,CA ISO
2/13/2020 12:00:00 PM,1799.00,IPCO
2/13/2020 12:00:00 PM,0.00,MWD
2/13/2020 12:00:00 PM,3546.00,NEVP
2/13/2020 12:00:00 PM,5368.00,PACE
2/13/2020 12:00:00 PM,2662.00,PACW
2/13/2020 12:00:00 PM,10462.00,PGE
2/13/2020 12:00:00 PM,2949.00,PGE-NEW
2/13/2020 12:00:00 PM,3483.00,PSEI
2/13/2020 12:00:00 PM,10301.00,SCE
2/13/2020 12:00:00 PM,1650.00,SDGE
2/13/2020 12:00:00 PM,55.00,VEA
2/13/2020 1:00:00 PM,2218.00,AZPS
2/13/2020 1:00:00 PM,1088.00,BANCSMUD
2/13/2020 1:00:00 PM,8754.00,BCHA
2/13/2020 1:00:00 PM,22645.00,CA ISO
2/13/2020 1:00:00 PM,1763.00,IPCO
2/13/2020 1:00:00 PM,0.00,MWD
2/13/2020 1:00:00 PM,3526.00,NEVP
2/13/2020 1:00:00 PM,5332.00,PACE
2/13/2020 1:00:00 PM,2613.00,PACW
2/13/2020 1:00:00 PM,10495.00,PGE
2/13/2020 1:00:00 PM,2925.00,PGE-NEW
2/13/2020 1:00:00 PM,3439.00,PSEI
2/13/2020 1:00:00 PM,10403.00,SCE
2/13/2020 1:00:00 PM,1695.00,SDGE
2/13/2020 1:00:00 PM,52.00,VEA
2/13/2020 2:00:00 PM,2319.00,AZPS
2/13/2020 2:00:00 PM,1084.00,BANCSMUD
2/13/2020 2:00:00 PM,8615.00,BCHA
2/13/2020 2:00:00 PM,23036.00,CA ISO
2/13/2020 2:00:00 PM,1746.00,IPCO
2/13/2020 2:00:00 PM,0.00,MWD
2/13/2020 2:00:00 PM,3546.00,NEVP
2/13/2020 2:00:00 PM,5338.00,PACE
2/13/2020 2:00:00 PM,2590.00,PACW
2/13/2020 2:00:00 PM,10635.00,PGE
2/13/2020 2:00:00 PM,2897.00,PGE-NEW
2/13/2020 2:00:00 PM,3419.00,PSEI
2/13/2020 2:00:00 PM,10548.00,SCE
2/13/2020 2:00:00 PM,1803.00,SDGE
2/13/2020 2:00:00 PM,50.00,VEA
2/13/2020 3:00:00 PM,2529.00,AZPS
2/13/2020 3:00:00 PM,1098.00,BANCSMUD
2/13/2020 3:00:00 PM,8619.00,BCHA
2/13/2020 3:00:00 PM,23716.00,CA ISO
2/13/2020 3:00:00 PM,1774.00,IPCO
2/13/2020 3:00:00 PM,0.00,MWD
2/13/2020 3:00:00 PM,3615.00,NEVP
2/13/2020 3:00:00 PM,5413.00,PACE
2/13/2020 3:00:00 PM,2612.00,PACW
2/13/2020 3:00:00 PM,10955.00,PGE
2/13/2020 3:00:00 PM,2906.00,PGE-NEW
2/13/2020 3:00:00 PM,3450.00,PSEI
2/13/2020 3:00:00 PM,10708.00,SCE
2/13/2020 3:00:00 PM,2003.00,SDGE
2/13/2020 3:00:00 PM,50.00,VEA
2/13/2020 4:00:00 PM,2826.00,AZPS
2/13/2020 4:00:00 PM,1130.00,BANCSMUD
2/13/2020 4:00:00 PM,8902.00,BCHA
2/13/2020 4:00:00 PM,24783.00,CA ISO
2/13/2020 4:00:00 PM,1860.00,IPCO
2/13/2020 4:00:00 PM,0.00,MWD
2/13/2020 4:00:00 PM,3763.00,NEVP
2/13/2020 4:00:00 PM,5598.00,PACE
2/13/2020 4:00:00 PM,2694.00,PACW
2/13/2020 4:00:00 PM,11406.00,PGE
2/13/2020 4:00:00 PM,2966.00,PGE-NEW
2/13/2020 4:00:00 PM,3558.00,PSEI
2/13/2020 4:00:00 PM,11080.00,SCE
2/13/2020 4:00:00 PM,2243.00,SDGE
2/13/2020 4:00:00 PM,54.00,VEA
2/13/2020 5:00:00 PM,3091.00,AZPS
2/13/2020 5:00:00 PM,1195.00,BANCSMUD
2/13/2020 5:00:00 PM,9265.00,BCHA
2/13/2020 5:00:00 PM,26743.00,CA ISO
2/13/2020 5:00:00 PM,1978.00,IPCO
2/13/2020 5:00:00 PM,0.00,MWD
2/13/2020 5:00:00 PM,3989.00,NEVP
2/13/2020 5:00:00 PM,5816.00,PACE
2/13/2020 5:00:00 PM,2809.00,PACW
2/13/2020 5:00:00 PM,12353.00,PGE
2/13/2020 5:00:00 PM,3059.00,PGE-NEW
2/13/2020 5:00:00 PM,3711.00,PSEI
2/13/2020 5:00:00 PM,11809.00,SCE
2/13/2020 5:00:00 PM,2520.00,SDGE
2/13/2020 5:00:00 PM,61.00,VEA
2/13/2020 6:00:00 PM,3166.00,AZPS
2/13/2020 6:00:00 PM,1248.00,BANCSMUD
2/13/2020 6:00:00 PM,9182.00,BCHA
2/13/2020 6:00:00 PM,27550.00,CA ISO
2/13/2020 6:00:00 PM,2015.00,IPCO
2/13/2020 6:00:00 PM,0.00,MWD
2/13/2020 6:00:00 PM,4096.00,NEVP
2/13/2020 6:00:00 PM,5781.00,PACE
2/13/2020 6:00:00 PM,2804.00,PACW
2/13/2020 6:00:00 PM,12758.00,PGE
2/13/2020 6:00:00 PM,3028.00,PGE-NEW
2/13/2020 6:00:00 PM,3707.00,PSEI
2/13/2020 6:00:00 PM,12127.00,SCE
2/13/2020 6:00:00 PM,2598.00,SDGE
2/13/2020 6:00:00 PM,67.00,VEA
2/13/2020 7:00:00 PM,3151.00,AZPS
2/13/2020 7:00:00 PM,1243.00,BANCSMUD
2/13/2020 7:00:00 PM,9105.00,BCHA
2/13/2020 7:00:00 PM,27372.00,CA ISO
2/13/2020 7:00:00 PM,1999.00,IPCO
2/13/2020 7:00:00 PM,0.00,MWD
2/13/2020 7:00:00 PM,4085.00,NEVP
2/13/2020 7:00:00 PM,5744.00,PACE
2/13/2020 7:00:00 PM,2781.00,PACW
2/13/2020 7:00:00 PM,12674.00,PGE
2/13/2020 7:00:00 PM,3004.00,PGE-NEW
2/13/2020 7:00:00 PM,3674.00,PSEI
2/13/2020 7:00:00 PM,12054.00,SCE
2/13/2020 7:00:00 PM,2577.00,SDGE
2/13/2020 7:00:00 PM,67.00,VEA
2/13/2020 8:00:00 PM,3061.00,AZPS
2/13/2020 8:00:00 PM,1219.00,BANCSMUD
2/13/2020 8:00:00 PM,8813.00,BCHA
2/13/2020 8:00:00 PM,26640.00,CA ISO
2/13/2020 8:00:00 PM,1919.00,IPCO
2/13/2020 8:00:00 PM,0.00,MWD
2/13/2020 8:00:00 PM,4018.00,NEVP
2/13/2020 8:00:00 PM,5579.00,PACE
2/13/2020 8:00:00 PM,2690.00,PACW
2/13/2020 8:00:00 PM,12300.00,PGE
2/13/2020 8:00:00 PM,2902.00,PGE-NEW
2/13/2020 8:00:00 PM,3535.00,PSEI
2/13/2020 8:00:00 PM,11778.00,SCE
2/13/2020 8:00:00 PM,2494.00,SDGE
2/13/2020 8:00:00 PM,68.00,VEA
2/13/2020 9:00:00 PM,2901.00,AZPS
2/13/2020 9:00:00 PM,1159.00,BANCSMUD
2/13/2020 9:00:00 PM,8428.00,BCHA
2/13/2020 9:00:00 PM,25521.00,CA ISO
2/13/2020 9:00:00 PM,1809.00,IPCO
2/13/2020 9:00:00 PM,0.00,MWD
2/13/2020 9:00:00 PM,3883.00,NEVP
2/13/2020 9:00:00 PM,5321.00,PACE
2/13/2020 9:00:00 PM,2542.00,PACW
2/13/2020 9:00:00 PM,11729.00,PGE
2/13/2020 9:00:00 PM,2720.00,PGE-NEW
2/13/2020 9:00:00 PM,3299.00,PSEI
2/13/2020 9:00:00 PM,11353.00,SCE
2/13/2020 9:00:00 PM,2371.00,SDGE
2/13/2020 9:00:00 PM,68.00,VEA
2/13/2020 10:00:00 PM,2760.00,AZPS
2/13/2020 10:00:00 PM,1074.00,BANCSMUD
2/13/2020 10:00:00 PM,7949.00,BCHA
2/13/2020 10:00:00 PM,24023.00,CA ISO
2/13/2020 10:00:00 PM,1718.00,IPCO
2/13/2020 10:00:00 PM,0.00,MWD
2/13/2020 10:00:00 PM,3732.00,NEVP
2/13/2020 10:00:00 PM,5106.00,PACE
2/13/2020 10:00:00 PM,2370.00,PACW
2/13/2020 10:00:00 PM,11035.00,PGE
2/13/2020 10:00:00 PM,2503.00,PGE-NEW
2/13/2020 10:00:00 PM,3016.00,PSEI
2/13/2020 10:00:00 PM,10737.00,SCE
2/13/2020 10:00:00 PM,2184.00,SDGE
2/13/2020 10:00:00 PM,67.00,VEA
2/13/2020 11:00:00 PM,2680.00,AZPS
2/13/2020 11:00:00 PM,996.00,BANCSMUD
2/13/2020 11:00:00 PM,7524.00,BCHA
2/13/2020 11:00:00 PM,22623.00,CA ISO
2/13/2020 11:00:00 PM,1663.00,IPCO
2/13/2020 11:00:00 PM,0.00,MWD
2/13/2020 11:00:00 PM,3607.00,NEVP
2/13/2020 11:00:00 PM,4971.00,PACE
2/13/2020 11:00:00 PM,2226.00,PACW
2/13/2020 11:00:00 PM,10365.00,PGE
2/13/2020 11:00:00 PM,2326.00,PGE-NEW
2/13/2020 11:00:00 PM,2785.00,PSEI
2/13/2020 11:00:00 PM,10163.00,SCE
2/13/2020 11:00:00 PM,2027.00,SDGE
2/13/2020 11:00:00 PM,68.00,VEA
2/14/2020 12:00:00 AM,2655.00,AZPS
2/14/2020 12:00:00 AM,950.00,BANCSMUD
2/14/2020 12:00:00 AM,7223.00,BCHA
2/14/2020 12:00:00 AM,21675.00,CA ISO
2/14/2020 12:00:00 AM,1645.00,IPCO
2/14/2020 12:00:00 AM,0.00,MWD
2/14/2020 12:00:00 AM,3523.00,NEVP
2/14/2020 12:00:00 AM,4908.00,PACE
2/14/2020 12:00:00 AM,2153.00,PACW
2/14/2020 12:00:00 AM,9934.00,PGE
2/14/2020 12:00:00 AM,2210.00,PGE-NEW
2/14/2020 12:00:00 AM,2645.00,PSEI
2/14/2020 12:00:00 AM,9725.00,SCE
2/14/2020 12:00:00 AM,1946.00,SDGE
2/14/2020 12:00:00 AM,70.00,VEA
2/14/2020 1:00:00 AM,2675.00,AZPS
2/14/2020 1:00:00 AM,921.00,BANCSMUD
2/14/2020 1:00:00 AM,7055.00,BCHA
2/14/2020 1:00:00 AM,21024.00,CA ISO
2/14/2020 1:00:00 AM,1650.00,IPCO
2/14/2020 1:00:00 AM,0.00,MWD
2/14/2020 1:00:00 AM,3483.00,NEVP
2/14/2020 1:00:00 AM,4893.00,PACE
2/14/2020 1:00:00 AM,2118.00,PACW
2/14/2020 1:00:00 AM,9641.00,PGE
2/14/2020 1:00:00 AM,2149.00,PGE-NEW
2/14/2020 1:00:00 AM,2579.00,PSEI
2/14/2020 1:00:00 AM,9440.00,SCE
2/14/2020 1:00:00 AM,1870.00,SDGE
2/14/2020 1:00:00 AM,73.00,VEA
2/14/2020 2:00:00 AM,2740.00,AZPS
2/14/2020 2:00:00 AM,914.00,BANCSMUD
2/14/2020 2:00:00 AM,7004.00,BCHA
2/14/2020 2:00:00 AM,20696.00,CA ISO
2/14/2020 2:00:00 AM,1675.00,IPCO
2/14/2020 2:00:00 AM,0.00,MWD
2/14/2020 2:00:00 AM,3475.00,NEVP
2/14/2020 2:00:00 AM,4928.00,PACE
2/14/2020 2:00:00 AM,2116.00,PACW
2/14/2020 2:00:00 AM,9499.00,PGE
2/14/2020 2:00:00 AM,2129.00,PGE-NEW
2/14/2020 2:00:00 AM,2571.00,PSEI
2/14/2020 2:00:00 AM,9294.00,SCE
2/14/2020 2:00:00 AM,1826.00,SDGE
2/14/2020 2:00:00 AM,77.00,VEA
2/14/2020 3:00:00 AM,2901.00,AZPS
2/14/2020 3:00:00 AM,935.00,BANCSMUD
2/14/2020 3:00:00 AM,7057.00,BCHA
2/14/2020 3:00:00 AM,20763.00,CA ISO
2/14/2020 3:00:00 AM,1730.00,IPCO
2/14/2020 3:00:00 AM,0.00,MWD
2/14/2020 3:00:00 AM,3515.00,NEVP
2/14/2020 3:00:00 AM,5043.00,PACE
2/14/2020 3:00:00 AM,2161.00,PACW
2/14/2020 3:00:00 AM,9512.00,PGE
2/14/2020 3:00:00 AM,2162.00,PGE-NEW
2/14/2020 3:00:00 AM,2641.00,PSEI
2/14/2020 3:00:00 AM,9342.00,SCE
2/14/2020 3:00:00 AM,1827.00,SDGE
2/14/2020 3:00:00 AM,82.00,VEA
2/14/2020 4:00:00 AM,3186.00,AZPS
2/14/2020 4:00:00 AM,994.00,BANCSMUD
2/14/2020 4:00:00 AM,7243.00,BCHA
2/14/2020 4:00:00 AM,21532.00,CA ISO
2/14/2020 4:00:00 AM,1851.00,IPCO
2/14/2020 4:00:00 AM,0.00,MWD
2/14/2020 4:00:00 AM,3629.00,NEVP
2/14/2020 4:00:00 AM,5285.00,PACE
2/14/2020 4:00:00 AM,2294.00,PACW
2/14/2020 4:00:00 AM,9832.00,PGE
2/14/2020 4:00:00 AM,2282.00,PGE-NEW
2/14/2020 4:00:00 AM,2827.00,PSEI
2/14/2020 4:00:00 AM,9697.00,SCE
2/14/2020 4:00:00 AM,1914.00,SDGE
2/14/2020 4:00:00 AM,89.00,VEA
2/14/2020 5:00:00 AM,3481.00,AZPS
2/14/2020 5:00:00 AM,1107.00,BANCSMUD
2/14/2020 5:00:00 AM,7671.00,BCHA
2/14/2020 5:00:00 AM,23217.00,CA ISO
2/14/2020 5:00:00 AM,2020.00,IPCO
2/14/2020 5:00:00 AM,0.00,MWD
2/14/2020 5:00:00 AM,3821.00,NEVP
2/14/2020 5:00:00 AM,5621.00,PACE
2/14/2020 5:00:00 AM,2564.00,PACW
2/14/2020 5:00:00 AM,10575.00,PGE
2/14/2020 5:00:00 AM,2519.00,PGE-NEW
2/14/2020 5:00:00 AM,3142.00,PSEI
2/14/2020 5:00:00 AM,10445.00,SCE
2/14/2020 5:00:00 AM,2099.00,SDGE
2/14/2020 5:00:00 AM,98.00,VEA
2/14/2020 6:00:00 AM,3498.00,AZPS
2/14/2020 6:00:00 AM,1237.00,BANCSMUD
2/14/2020 6:00:00 AM,8348.00,BCHA
2/14/2020 6:00:00 AM,25132.00,CA ISO
2/14/2020 6:00:00 AM,2119.00,IPCO
2/14/2020 6:00:00 AM,0.00,MWD
2/14/2020 6:00:00 AM,3972.00,NEVP
2/14/2020 6:00:00 AM,5822.00,PACE
2/14/2020 6:00:00 AM,2884.00,PACW
2/14/2020 6:00:00 AM,11574.00,PGE
2/14/2020 6:00:00 AM,2820.00,PGE-NEW
2/14/2020 6:00:00 AM,3490.00,PSEI
2/14/2020 6:00:00 AM,11163.00,SCE
2/14/2020 6:00:00 AM,2290.00,SDGE
2/14/2020 6:00:00 AM,105.00,VEA
2/14/2020 7:00:00 AM,3202.00,AZPS
2/14/2020 7:00:00 AM,1276.00,BANCSMUD
2/14/2020 7:00:00 AM,8912.00,BCHA
2/14/2020 7:00:00 AM,25708.00,CA ISO
2/14/2020 7:00:00 AM,2099.00,IPCO
2/14/2020 7:00:00 AM,0.00,MWD
2/14/2020 7:00:00 AM,3919.00,NEVP
2/14/2020 7:00:00 AM,5780.00,PACE
2/14/2020 7:00:00 AM,3016.00,PACW
2/14/2020 7:00:00 AM,12008.00,PGE
2/14/2020 7:00:00 AM,2960.00,PGE-NEW
2/14/2020 7:00:00 AM,3665.00,PSEI
2/14/2020 7:00:00 AM,11313.00,SCE
2/14/2020 7:00:00 AM,2289.00,SDGE
2/14/2020 7:00:00 AM,98.00,VEA
2/14/2020 8:00:00 AM,2838.00,AZPS
2/14/2020 8:00:00 AM,1253.00,BANCSMUD
2/14/2020 8:00:00 AM,8989.00,BCHA
2/14/2020 8:00:00 AM,24928.00,CA ISO
2/14/2020 8:00:00 AM,2048.00,IPCO
2/14/2020 8:00:00 AM,0.00,MWD
2/14/2020 8:00:00 AM,3815.00,NEVP
2/14/2020 8:00:00 AM,5664.00,PACE
2/14/2020 8:00:00 AM,2939.00,PACW
2/14/2020 8:00:00 AM,11753.00,PGE
2/14/2020 8:00:00 AM,2914.00,PGE-NEW
2/14/2020 8:00:00 AM,3645.00,PSEI
2/14/2020 8:00:00 AM,10976.00,SCE
2/14/2020 8:00:00 AM,2116.00,SDGE
2/14/2020 8:00:00 AM,83.00,VEA
2/14/2020 9:00:00 AM,2549.00,AZPS
2/14/2020 9:00:00 AM,1225.00,BANCSMUD
2/14/2020 9:00:00 AM,8895.00,BCHA
2/14/2020 9:00:00 AM,23911.00,CA ISO
2/14/2020 9:00:00 AM,1999.00,IPCO
2/14/2020 9:00:00 AM,0.00,MWD
2/14/2020 9:00:00 AM,3720.00,NEVP
2/14/2020 9:00:00 AM,5550.00,PACE
2/14/2020 9:00:00 AM,2813.00,PACW
2/14/2020 9:00:00 AM,11423.00,PGE
2/14/2020 9:00:00 AM,2841.00,PGE-NEW
2/14/2020 9:00:00 AM,3568.00,PSEI
2/14/2020 9:00:00 AM,10512.00,SCE
2/14/2020 9:00:00 AM,1906.00,SDGE
2/14/2020 9:00:00 AM,70.00,VEA
2/14/2020 10:00:00 AM,2351.00,AZPS
2/14/2020 10:00:00 AM,1199.00,BANCSMUD
2/14/2020 10:00:00 AM,8741.00,BCHA
2/14/2020 10:00:00 AM,23038.00,CA ISO
2/14/2020 10:00:00 AM,1945.00,IPCO
2/14/2020 10:00:00 AM,0.00,MWD
2/14/2020 10:00:00 AM,3645.00,NEVP
2/14/2020 10:00:00 AM,5422.00,PACE
2/14/2020 10:00:00 AM,2683.00,PACW
2/14/2020 10:00:00 AM,11061.00,PGE
2/14/2020 10:00:00 AM,2764.00,PGE-NEW
2/14/2020 10:00:00 AM,3465.00,PSEI
2/14/2020 10:00:00 AM,10155.00,SCE
2/14/2020 10:00:00 AM,1762.00,SDGE
2/14/2020 10:00:00 AM,60.00,VEA
2/14/2020 11:00:00 AM,2235.00,AZPS
2/14/2020 11:00:00 AM,1148.00,BANCSMUD
2/14/2020 11:00:00 AM,8562.00,BCHA
2/14/2020 11:00:00 AM,22205.00,CA ISO
2/14/2020 11:00:00 AM,1907.00,IPCO
2/14/2020 11:00:00 AM,0.00,MWD
2/14/2020 11:00:00 AM,3564.00,NEVP
2/14/2020 11:00:00 AM,5327.00,PACE
2/14/2020 11:00:00 AM,2576.00,PACW
2/14/2020 11:00:00 AM,10585.00,PGE
2/14/2020 11:00:00 AM,2700.00,PGE-NEW
2/14/2020 11:00:00 AM,3352.00,PSEI
2/14/2020 11:00:00 AM,9878.00,SCE
2/14/2020 11:00:00 AM,1688.00,SDGE
2/14/2020 11:00:00 AM,54.00,VEA
2/14/2020 12:00:00 PM,2194.00,AZPS
2/14/2020 12:00:00 PM,1114.00,BANCSMUD
2/14/2020 12:00:00 PM,8390.00,BCHA
2/14/2020 12:00:00 PM,21760.00,CA ISO
2/14/2020 12:00:00 PM,1878.00,IPCO
2/14/2020 12:00:00 PM,0.00,MWD
2/14/2020 12:00:00 PM,3521.00,NEVP
2/14/2020 12:00:00 PM,5313.00,PACE
2/14/2020 12:00:00 PM,2488.00,PACW
2/14/2020 12:00:00 PM,10280.00,PGE
2/14/2020 12:00:00 PM,2659.00,PGE-NEW
2/14/2020 12:00:00 PM,3260.00,PSEI
2/14/2020 12:00:00 PM,9767.00,SCE
2/14/2020 12:00:00 PM,1663.00,SDGE
2/14/2020 12:00:00 PM,50.00,VEA
2/14/2020 1:00:00 PM,2222.00,AZPS
2/14/2020 1:00:00 PM,1099.00,BANCSMUD
2/14/2020 1:00:00 PM,8264.00,BCHA
2/14/2020 1:00:00 PM,21853.00,CA ISO
2/14/2020 1:00:00 PM,1854.00,IPCO
2/14/2020 1:00:00 PM,0.00,MWD
2/14/2020 1:00:00 PM,3514.00,NEVP
2/14/2020 1:00:00 PM,5338.00,PACE
2/14/2020 1:00:00 PM,2425.00,PACW
2/14/2020 1:00:00 PM,10291.00,PGE
2/14/2020 1:00:00 PM,2630.00,PGE-NEW
2/14/2020 1:00:00 PM,3194.00,PSEI
2/14/2020 1:00:00 PM,9804.00,SCE
2/14/2020 1:00:00 PM,1710.00,SDGE
2/14/2020 1:00:00 PM,48.00,VEA
2/14/2020 2:00:00 PM,2335.00,AZPS
2/14/2020 2:00:00 PM,1092.00,BANCSMUD
2/14/2020 2:00:00 PM,8218.00,BCHA
2/14/2020 2:00:00 PM,22293.00,CA ISO
2/14/2020 2:00:00 PM,1840.00,IPCO
2/14/2020 2:00:00 PM,0.00,MWD
2/14/2020 2:00:00 PM,3530.00,NEVP
2/14/2020 2:00:00 PM,5354.00,PACE
2/14/2020 2:00:00 PM,2388.00,PACW
2/14/2020 2:00:00 PM,10481.00,PGE
2/14/2020 2:00:00 PM,2604.00,PGE-NEW
2/14/2020 2:00:00 PM,3163.00,PSEI
2/14/2020 2:00:00 PM,9943.00,SCE
2/14/2020 2:00:00 PM,1822.00,SDGE
2/14/2020 2:00:00 PM,47.00,VEA
2/14/2020 3:00:00 PM,2528.00,AZPS
2/14/2020 3:00:00 PM,1101.00,BANCSMUD
2/14/2020 3:00:00 PM,8280.00,BCHA
2/14/2020 3:00:00 PM,23025.00,CA ISO
2/14/2020 3:00:00 PM,1861.00,IPCO
2/14/2020 3:00:00 PM,0.00,MWD
2/14/2020 3:00:00 PM,3592.00,NEVP
2/14/2020 3:00:00 PM,5390.00,PACE
2/14/2020 3:00:00 PM,2409.00,PACW
2/14/2020 3:00:00 PM,10684.00,PGE
2/14/2020 3:00:00 PM,2621.00,PGE-NEW
2/14/2020 3:00:00 PM,3212.00,PSEI
2/14/2020 3:00:00 PM,10297.00,SCE
2/14/2020 3:00:00 PM,1996.00,SDGE
2/14/2020 3:00:00 PM,48.00,VEA
2/14/2020 4:00:00 PM,2769.00,AZPS
2/14/2020 4:00:00 PM,1132.00,BANCSMUD
2/14/2020 4:00:00 PM,8551.00,BCHA
2/14/2020 4:00:00 PM,24187.00,CA ISO
2/14/2020 4:00:00 PM,1914.00,IPCO
2/14/2020 4:00:00 PM,0.00,MWD
2/14/2020 4:00:00 PM,3727.00,NEVP
2/14/2020 4:00:00 PM,5506.00,PACE
2/14/2020 4:00:00 PM,2504.00,PACW
2/14/2020 4:00:00 PM,11144.00,PGE
2/14/2020 4:00:00 PM,2698.00,PGE-NEW
2/14/2020 4:00:00 PM,3345.00,PSEI
2/14/2020 4:00:00 PM,10771.00,SCE
2/14/2020 4:00:00 PM,2220.00,SDGE
2/14/2020 4:00:00 PM,52.00,VEA
2/14/2020 5:00:00 PM,2976.00,AZPS
2/14/2020 5:00:00 PM,1186.00,BANCSMUD
2/14/2020 5:00:00 PM,8905.00,BCHA
2/14/2020 5:00:00 PM,25947.00,CA ISO
2/14/2020 5:00:00 PM,1991.00,IPCO
2/14/2020 5:00:00 PM,0.00,MWD
2/14/2020 5:00:00 PM,3932.00,NEVP
2/14/2020 5:00:00 PM,5649.00,PACE
2/14/2020 5:00:00 PM,2633.00,PACW
2/14/2020 5:00:00 PM,11936.00,PGE
2/14/2020 5:00:00 PM,2802.00,PGE-NEW
2/14/2020 5:00:00 PM,3518.00,PSEI
2/14/2020 5:00:00 PM,11475.00,SCE
2/14/2020 5:00:00 PM,2477.00,SDGE
2/14/2020 5:00:00 PM,59.00,VEA
2/14/2020 6:00:00 PM,2994.00,AZPS
2/14/2020 6:00:00 PM,1229.00,BANCSMUD
2/14/2020 6:00:00 PM,8936.00,BCHA
2/14/2020 6:00:00 PM,26915.00,CA ISO
2/14/2020 6:00:00 PM,2005.00,IPCO
2/14/2020 6:00:00 PM,0.00,MWD
2/14/2020 6:00:00 PM,4016.00,NEVP
2/14/2020 6:00:00 PM,5614.00,PACE
2/14/2020 6:00:00 PM,2682.00,PACW
2/14/2020 6:00:00 PM,12416.00,PGE
2/14/2020 6:00:00 PM,2813.00,PGE-NEW
2/14/2020 6:00:00 PM,3541.00,PSEI
2/14/2020 6:00:00 PM,11879.00,SCE
2/14/2020 6:00:00 PM,2558.00,SDGE
2/14/2020 6:00:00 PM,62.00,VEA
2/14/2020 7:00:00 PM,2964.00,AZPS
2/14/2020 7:00:00 PM,1207.00,BANCSMUD
2/14/2020 7:00:00 PM,8734.00,BCHA
2/14/2020 7:00:00 PM,26394.00,CA ISO
2/14/2020 7:00:00 PM,1979.00,IPCO
2/14/2020 7:00:00 PM,0.00,MWD
2/14/2020 7:00:00 PM,3986.00,NEVP
2/14/2020 7:00:00 PM,5527.00,PACE
2/14/2020 7:00:00 PM,2618.00,PACW
2/14/2020 7:00:00 PM,12184.00,PGE
2/14/2020 7:00:00 PM,2732.00,PGE-NEW
2/14/2020 7:00:00 PM,3432.00,PSEI
2/14/2020 7:00:00 PM,11652.00,SCE
2/14/2020 7:00:00 PM,2494.00,SDGE
2/14/2020 7:00:00 PM,64.00,VEA
2/14/2020 8:00:00 PM,2897.00,AZPS
2/14/2020 8:00:00 PM,1176.00,BANCSMUD
2/14/2020 8:00:00 PM,8486.00,BCHA
2/14/2020 8:00:00 PM,25699.00,CA ISO
2/14/2020 8:00:00 PM,1929.00,IPCO
2/14/2020 8:00:00 PM,0.00,MWD
2/14/2020 8:00:00 PM,3927.00,NEVP
2/14/2020 8:00:00 PM,5380.00,PACE
2/14/2020 8:00:00 PM,2541.00,PACW
2/14/2020 8:00:00 PM,11843.00,PGE
2/14/2020 8:00:00 PM,2629.00,PGE-NEW
2/14/2020 8:00:00 PM,3302.00,PSEI
2/14/2020 8:00:00 PM,11375.00,SCE
2/14/2020 8:00:00 PM,2416.00,SDGE
2/14/2020 8:00:00 PM,65.00,VEA
2/14/2020 9:00:00 PM,2782.00,AZPS
2/14/2020 9:00:00 PM,1135.00,BANCSMUD
2/14/2020 9:00:00 PM,8190.00,BCHA
2/14/2020 9:00:00 PM,24741.00,CA ISO
2/14/2020 9:00:00 PM,1855.00,IPCO
2/14/2020 9:00:00 PM,0.00,MWD
2/14/2020 9:00:00 PM,3824.00,NEVP
2/14/2020 9:00:00 PM,5181.00,PACE
2/14/2020 9:00:00 PM,2430.00,PACW
2/14/2020 9:00:00 PM,11385.00,PGE
2/14/2020 9:00:00 PM,2491.00,PGE-NEW
2/14/2020 9:00:00 PM,3126.00,PSEI
2/14/2020 9:00:00 PM,10975.00,SCE
2/14/2020 9:00:00 PM,2316.00,SDGE
2/14/2020 9:00:00 PM,65.00,VEA
2/14/2020 10:00:00 PM,2663.00,AZPS
2/14/2020 10:00:00 PM,1070.00,BANCSMUD
2/14/2020 10:00:00 PM,7803.00,BCHA
2/14/2020 10:00:00 PM,23499.00,CA ISO
2/14/2020 10:00:00 PM,1786.00,IPCO
2/14/2020 10:00:00 PM,0.00,MWD
2/14/2020 10:00:00 PM,3713.00,NEVP
2/14/2020 10:00:00 PM,4987.00,PACE
2/14/2020 10:00:00 PM,2290.00,PACW
2/14/2020 10:00:00 PM,10790.00,PGE
2/14/2020 10:00:00 PM,2327.00,PGE-NEW
2/14/2020 10:00:00 PM,2907.00,PSEI
2/14/2020 10:00:00 PM,10477.00,SCE
2/14/2020 10:00:00 PM,2166.00,SDGE
2/14/2020 10:00:00 PM,66.00,VEA
2/14/2020 11:00:00 PM,2595.00,AZPS
2/14/2020 11:00:00 PM,1002.00,BANCSMUD
2/14/2020 11:00:00 PM,7424.00,BCHA
2/14/2020 11:00:00 PM,22196.00,CA ISO
2/14/2020 11:00:00 PM,1744.00,IPCO
2/14/2020 11:00:00 PM,0.00,MWD
2/14/2020 11:00:00 PM,3596.00,NEVP
2/14/2020 11:00:00 PM,4874.00,PACE
2/14/2020 11:00:00 PM,2163.00,PACW
2/14/2020 11:00:00 PM,10200.00,PGE
2/14/2020 11:00:00 PM,2175.00,PGE-NEW
2/14/2020 11:00:00 PM,2717.00,PSEI
2/14/2020 11:00:00 PM,9905.00,SCE
2/14/2020 11:00:00 PM,2025.00,SDGE
2/14/2020 11:00:00 PM,66.00,VEA
2/15/2020 12:00:00 AM,2567.00,AZPS
2/15/2020 12:00:00 AM,956.00,BANCSMUD
2/15/2020 12:00:00 AM,7150.00,BCHA
2/15/2020 12:00:00 AM,21224.00,CA ISO
2/15/2020 12:00:00 AM,1720.00,IPCO
2/15/2020 12:00:00 AM,0.00,MWD
2/15/2020 12:00:00 AM,3512.00,NEVP
2/15/2020 12:00:00 AM,4811.00,PACE
2/15/2020 12:00:00 AM,2076.00,PACW
2/15/2020 12:00:00 AM,9784.00,PGE
2/15/2020 12:00:00 AM,2060.00,PGE-NEW
2/15/2020 12:00:00 AM,2584.00,PSEI
2/15/2020 12:00:00 AM,9429.00,SCE
2/15/2020 12:00:00 AM,1943.00,SDGE
2/15/2020 12:00:00 AM,68.00,VEA
2/15/2020 1:00:00 AM,2571.00,AZPS
2/15/2020 1:00:00 AM,922.00,BANCSMUD
2/15/2020 1:00:00 AM,6970.00,BCHA
2/15/2020 1:00:00 AM,20513.00,CA ISO
2/15/2020 1:00:00 AM,1715.00,IPCO
2/15/2020 1:00:00 AM,0.00,MWD
2/15/2020 1:00:00 AM,3462.00,NEVP
2/15/2020 1:00:00 AM,4790.00,PACE
2/15/2020 1:00:00 AM,2039.00,PACW
2/15/2020 1:00:00 AM,9479.00,PGE
2/15/2020 1:00:00 AM,1994.00,PGE-NEW
2/15/2020 1:00:00 AM,2509.00,PSEI
2/15/2020 1:00:00 AM,9092.00,SCE
2/15/2020 1:00:00 AM,1871.00,SDGE
2/15/2020 1:00:00 AM,71.00,VEA
2/15/2020 2:00:00 AM,2604.00,AZPS
2/15/2020 2:00:00 AM,907.00,BANCSMUD
2/15/2020 2:00:00 AM,6890.00,BCHA
2/15/2020 2:00:00 AM,20079.00,CA ISO
2/15/2020 2:00:00 AM,1723.00,IPCO
2/15/2020 2:00:00 AM,0.00,MWD
2/15/2020 2:00:00 AM,3433.00,NEVP
2/15/2020 2:00:00 AM,4818.00,PACE
2/15/2020 2:00:00 AM,2035.00,PACW
2/15/2020 2:00:00 AM,9289.00,PGE
2/15/2020 2:00:00 AM,1961.00,PGE-NEW
2/15/2020 2:00:00 AM,2481.00,PSEI
2/15/2020 2:00:00 AM,8891.00,SCE
2/15/2020 2:00:00 AM,1825.00,SDGE
2/15/2020 2:00:00 AM,74.00,VEA
2/15/2020 3:00:00 AM,2694.00,AZPS
2/15/2020 3:00:00 AM,909.00,BANCSMUD
2/15/2020 3:00:00 AM,6887.00,BCHA
2/15/2020 3:00:00 AM,19973.00,CA ISO
2/15/2020 3:00:00 AM,1743.00,IPCO
2/15/2020 3:00:00 AM,0.00,MWD
2/15/2020 3:00:00 AM,3446.00,NEVP
2/15/2020 3:00:00 AM,4870.00,PACE
2/15/2020 3:00:00 AM,2056.00,PACW
2/15/2020 3:00:00 AM,9221.00,PGE
2/15/2020 3:00:00 AM,1964.00,PGE-NEW
2/15/2020 3:00:00 AM,2500.00,PSEI
2/15/2020 3:00:00 AM,8862.00,SCE
2/15/2020 3:00:00 AM,1812.00,SDGE
2/15/2020 3:00:00 AM,78.00,VEA
2/15/2020 4:00:00 AM,2855.00,AZPS
2/15/2020 4:00:00 AM,935.00,BANCSMUD
2/15/2020 4:00:00 AM,6970.00,BCHA
2/15/2020 4:00:00 AM,20262.00,CA ISO
2/15/2020 4:00:00 AM,1793.00,IPCO
2/15/2020 4:00:00 AM,0.00,MWD
2/15/2020 4:00:00 AM,3497.00,NEVP
2/15/2020 4:00:00 AM,4977.00,PACE
2/15/2020 4:00:00 AM,2118.00,PACW
2/15/2020 4:00:00 AM,9335.00,PGE
2/15/2020 4:00:00 AM,2017.00,PGE-NEW
2/15/2020 4:00:00 AM,2576.00,PSEI
2/15/2020 4:00:00 AM,8999.00,SCE
2/15/2020 4:00:00 AM,1846.00,SDGE
2/15/2020 4:00:00 AM,82.00,VEA
2/15/2020 5:00:00 AM,3051.00,AZPS
2/15/2020 5:00:00 AM,985.00,BANCSMUD
2/15/2020 5:00:00 AM,7183.00,BCHA
2/15/2020 5:00:00 AM,21057.00,CA ISO
2/15/2020 5:00:00 AM,1863.00,IPCO
2/15/2020 5:00:00 AM,0.00,MWD
2/15/2020 5:00:00 AM,3577.00,NEVP
2/15/2020 5:00:00 AM,5134.00,PACE
2/15/2020 5:00:00 AM,2241.00,PACW
2/15/2020 5:00:00 AM,9689.00,PGE
2/15/2020 5:00:00 AM,2128.00,PGE-NEW
2/15/2020 5:00:00 AM,2719.00,PSEI
2/15/2020 5:00:00 AM,9351.00,SCE
2/15/2020 5:00:00 AM,1928.00,SDGE
2/15/2020 5:00:00 AM,89.00,VEA
2/15/2020 6:00:00 AM,3125.00,AZPS
2/15/2020 6:00:00 AM,1049.00,BANCSMUD
2/15/2020 6:00:00 AM,7548.00,BCHA
2/15/2020 6:00:00 AM,21933.00,CA ISO
2/15/2020 6:00:00 AM,1943.00,IPCO
2/15/2020 6:00:00 AM,0.00,MWD
2/15/2020 6:00:00 AM,3624.00,NEVP
2/15/2020 6:00:00 AM,5291.00,PACE
2/15/2020 6:00:00 AM,2401.00,PACW
2/15/2020 6:00:00 AM,10172.00,PGE
2/15/2020 6:00:00 AM,2286.00,PGE-NEW
2/15/2020 6:00:00 AM,2915.00,PSEI
2/15/2020 6:00:00 AM,9652.00,SCE
2/15/2020 6:00:00 AM,2014.00,SDGE
2/15/2020 6:00:00 AM,95.00,VEA
2/15/2020 7:00:00 AM,2953.00,AZPS
2/15/2020 7:00:00 AM,1097.00,BANCSMUD
2/15/2020 7:00:00 AM,7987.00,BCHA
2/15/2020 7:00:00 AM,21946.00,CA ISO
2/15/2020 7:00:00 AM,2000.00,IPCO
2/15/2020 7:00:00 AM,0.00,MWD
2/15/2020 7:00:00 AM,3591.00,NEVP
2/15/2020 7:00:00 AM,5390.00,PACE
2/15/2020 7:00:00 AM,2564.00,PACW
2/15/2020 7:00:00 AM,10345.00,PGE
2/15/2020 7:00:00 AM,2457.00,PGE-NEW
2/15/2020 7:00:00 AM,3118.00,PSEI
2/15/2020 7:00:00 AM,9521.00,SCE
2/15/2020 7:00:00 AM,1989.00,SDGE
2/15/2020 7:00:00 AM,91.00,VEA
2/15/2020 8:00:00 AM,2672.00,AZPS
2/15/2020 8:00:00 AM,1126.00,BANCSMUD
2/15/2020 8:00:00 AM,8327.00,BCHA
2/15/2020 8:00:00 AM,21243.00,CA ISO
2/15/2020 8:00:00 AM,2013.00,IPCO
2/15/2020 8:00:00 AM,0.00,MWD
2/15/2020 8:00:00 AM,3563.00,NEVP
2/15/2020 8:00:00 AM,5398.00,PACE
2/15/2020 8:00:00 AM,2680.00,PACW
2/15/2020 8:00:00 AM,10096.00,PGE
2/15/2020 8:00:00 AM,2616.00,PGE-NEW
2/15/2020 8:00:00 AM,3287.00,PSEI
2/15/2020 8:00:00 AM,9221.00,SCE
2/15/2020 8:00:00 AM,1847.00,SDGE
2/15/2020 8:00:00 AM,79.00,VEA
2/15/2020 9:00:00 AM,2409.00,AZPS
2/15/2020 9:00:00 AM,1120.00,BANCSMUD
2/15/2020 9:00:00 AM,8525.00,BCHA
2/15/2020 9:00:00 AM,20355.00,CA ISO
2/15/2020 9:00:00 AM,1989.00,IPCO
2/15/2020 9:00:00 AM,0.00,MWD
2/15/2020 9:00:00 AM,3525.00,NEVP
2/15/2020 9:00:00 AM,5353.00,PACE
2/15/2020 9:00:00 AM,2716.00,PACW
2/15/2020 9:00:00 AM,9743.00,PGE
2/15/2020 9:00:00 AM,2728.00,PGE-NEW
2/15/2020 9:00:00 AM,3388.00,PSEI
2/15/2020 9:00:00 AM,8858.00,SCE
2/15/2020 9:00:00 AM,1687.00,SDGE
2/15/2020 9:00:00 AM,67.00,VEA
2/15/2020 10:00:00 AM,2203.00,AZPS
2/15/2020 10:00:00 AM,1116.00,BANCSMUD
2/15/2020 10:00:00 AM,8574.00,BCHA
2/15/2020 10:00:00 AM,19725.00,CA ISO
2/15/2020 10:00:00 AM,1938.00,IPCO
2/15/2020 10:00:00 AM,0.00,MWD
2/15/2020 10:00:00 AM,3484.00,NEVP
2/15/2020 10:00:00 AM,5266.00,PACE
2/15/2020 10:00:00 AM,2698.00,PACW
2/15/2020 10:00:00 AM,9589.00,PGE
2/15/2020 10:00:00 AM,2783.00,PGE-NEW
2/15/2020 10:00:00 AM,3415.00,PSEI
2/15/2020 10:00:00 AM,8537.00,SCE
2/15/2020 10:00:00 AM,1540.00,SDGE
2/15/2020 10:00:00 AM,59.00,VEA
2/15/2020 11:00:00 AM,2098.00,AZPS
2/15/2020 11:00:00 AM,1082.00,BANCSMUD
2/15/2020 11:00:00 AM,8559.00,BCHA
2/15/2020 11:00:00 AM,19186.00,CA ISO
2/15/2020 11:00:00 AM,1880.00,IPCO
2/15/2020 11:00:00 AM,0.00,MWD
2/15/2020 11:00:00 AM,3448.00,NEVP
2/15/2020 11:00:00 AM,5212.00,PACE
2/15/2020 11:00:00 AM,2649.00,PACW
2/15/2020 11:00:00 AM,9400.00,PGE
2/15/2020 11:00:00 AM,2794.00,PGE-NEW
2/15/2020 11:00:00 AM,3393.00,PSEI
2/15/2020 11:00:00 AM,8280.00,SCE
2/15/2020 11:00:00 AM,1454.00,SDGE
2/15/2020 11:00:00 AM,52.00,VEA
2/15/2020 12:00:00 PM,2064.00,AZPS
2/15/2020 12:00:00 PM,1041.00,BANCSMUD
2/15/2020 12:00:00 PM,8493.00,BCHA
2/15/2020 12:00:00 PM,18741.00,CA ISO
2/15/2020 12:00:00 PM,1834.00,IPCO
2/15/2020 12:00:00 PM,0.00,MWD
2/15/2020 12:00:00 PM,3426.00,NEVP
2/15/2020 12:00:00 PM,5191.00,PACE
2/15/2020 12:00:00 PM,2591.00,PACW
2/15/2020 12:00:00 PM,9092.00,PGE
2/15/2020 12:00:00 PM,2774.00,PGE-NEW
2/15/2020 12:00:00 PM,3341.00,PSEI
2/15/2020 12:00:00 PM,8173.00,SCE
2/15/2020 12:00:00 PM,1427.00,SDGE
2/15/2020 12:00:00 PM,49.00,VEA
2/15/2020 1:00:00 PM,2083.00,AZPS
2/15/2020 1:00:00 PM,1026.00,BANCSMUD
2/15/2020 1:00:00 PM,8419.00,BCHA
2/15/2020 1:00:00 PM,18889.00,CA ISO
2/15/2020 1:00:00 PM,1809.00,IPCO
2/15/2020 1:00:00 PM,0.00,MWD
2/15/2020 1:00:00 PM,3418.00,NEVP
2/15/2020 1:00:00 PM,5177.00,PACE
2/15/2020 1:00:00 PM,2529.00,PACW
2/15/2020 1:00:00 PM,9119.00,PGE
2/15/2020 1:00:00 PM,2741.00,PGE-NEW
2/15/2020 1:00:00 PM,3294.00,PSEI
2/15/2020 1:00:00 PM,8250.00,SCE
2/15/2020 1:00:00 PM,1473.00,SDGE
2/15/2020 1:00:00 PM,47.00,VEA
2/15/2020 2:00:00 PM,2163.00,AZPS
2/15/2020 2:00:00 PM,1008.00,BANCSMUD
2/15/2020 2:00:00 PM,8357.00,BCHA
2/15/2020 2:00:00 PM,19470.00,CA ISO
2/15/2020 2:00:00 PM,1810.00,IPCO
2/15/2020 2:00:00 PM,0.00,MWD
2/15/2020 2:00:00 PM,3421.00,NEVP
2/15/2020 2:00:00 PM,5181.00,PACE
2/15/2020 2:00:00 PM,2492.00,PACW
2/15/2020 2:00:00 PM,9386.00,PGE
2/15/2020 2:00:00 PM,2708.00,PGE-NEW
2/15/2020 2:00:00 PM,3280.00,PSEI
2/15/2020 2:00:00 PM,8438.00,SCE
2/15/2020 2:00:00 PM,1600.00,SDGE
2/15/2020 2:00:00 PM,46.00,VEA
2/15/2020 3:00:00 PM,2387.00,AZPS
2/15/2020 3:00:00 PM,1017.00,BANCSMUD
2/15/2020 3:00:00 PM,8389.00,BCHA
2/15/2020 3:00:00 PM,20356.00,CA ISO
2/15/2020 3:00:00 PM,1837.00,IPCO
2/15/2020 3:00:00 PM,0.00,MWD
2/15/2020 3:00:00 PM,3481.00,NEVP
2/15/2020 3:00:00 PM,5280.00,PACE
2/15/2020 3:00:00 PM,2504.00,PACW
2/15/2020 3:00:00 PM,9661.00,PGE
2/15/2020 3:00:00 PM,2693.00,PGE-NEW
2/15/2020 3:00:00 PM,3301.00,PSEI
2/15/2020 3:00:00 PM,8861.00,SCE
2/15/2020 3:00:00 PM,1787.00,SDGE
2/15/2020 3:00:00 PM,47.00,VEA
2/15/2020 4:00:00 PM,2680.00,AZPS
2/15/2020 4:00:00 PM,1053.00,BANCSMUD
2/15/2020 4:00:00 PM,8600.00,BCHA
2/15/2020 4:00:00 PM,21830.00,CA ISO
2/15/2020 4:00:00 PM,1905.00,IPCO
2/15/2020 4:00:00 PM,0.00,MWD
2/15/2020 4:00:00 PM,3623.00,NEVP
2/15/2020 4:00:00 PM,5450.00,PACE
2/15/2020 4:00:00 PM,2564.00,PACW
2/15/2020 4:00:00 PM,10202.00,PGE
2/15/2020 4:00:00 PM,2726.00,PGE-NEW
2/15/2020 4:00:00 PM,3380.00,PSEI
2/15/2020 4:00:00 PM,9546.00,SCE
2/15/2020 4:00:00 PM,2031.00,SDGE
2/15/2020 4:00:00 PM,51.00,VEA
2/15/2020 5:00:00 PM,2890.00,AZPS
2/15/2020 5:00:00 PM,1120.00,BANCSMUD
2/15/2020 5:00:00 PM,8863.00,BCHA
2/15/2020 5:00:00 PM,23946.00,CA ISO
2/15/2020 5:00:00 PM,1958.00,IPCO
2/15/2020 5:00:00 PM,0.00,MWD
2/15/2020 5:00:00 PM,3842.00,NEVP
2/15/2020 5:00:00 PM,5595.00,PACE
2/15/2020 5:00:00 PM,2640.00,PACW
2/15/2020 5:00:00 PM,11117.00,PGE
2/15/2020 5:00:00 PM,2789.00,PGE-NEW
2/15/2020 5:00:00 PM,3472.00,PSEI
2/15/2020 5:00:00 PM,10450.00,SCE
2/15/2020 5:00:00 PM,2322.00,SDGE
2/15/2020 5:00:00 PM,57.00,VEA
2/15/2020 6:00:00 PM,2911.00,AZPS
2/15/2020 6:00:00 PM,1173.00,BANCSMUD
2/15/2020 6:00:00 PM,8835.00,BCHA
2/15/2020 6:00:00 PM,25046.00,CA ISO
2/15/2020 6:00:00 PM,1944.00,IPCO
2/15/2020 6:00:00 PM,0.00,MWD
2/15/2020 6:00:00 PM,3924.00,NEVP
2/15/2020 6:00:00 PM,5557.00,PACE
2/15/2020 6:00:00 PM,2636.00,PACW
2/15/2020 6:00:00 PM,11628.00,PGE
2/15/2020 6:00:00 PM,2770.00,PGE-NEW
2/15/2020 6:00:00 PM,3453.00,PSEI
2/15/2020 6:00:00 PM,10918.00,SCE
2/15/2020 6:00:00 PM,2441.00,SDGE
2/15/2020 6:00:00 PM,59.00,VEA
2/15/2020 7:00:00 PM,2867.00,AZPS
2/15/2020 7:00:00 PM,1157.00,BANCSMUD
2/15/2020 7:00:00 PM,8625.00,BCHA
2/15/2020 7:00:00 PM,24771.00,CA ISO
2/15/2020 7:00:00 PM,1900.00,IPCO
2/15/2020 7:00:00 PM,0.00,MWD
2/15/2020 7:00:00 PM,3884.00,NEVP
2/15/2020 7:00:00 PM,5471.00,PACE
2/15/2020 7:00:00 PM,2566.00,PACW
2/15/2020 7:00:00 PM,11492.00,PGE
2/15/2020 7:00:00 PM,2689.00,PGE-NEW
2/15/2020 7:00:00 PM,3350.00,PSEI
2/15/2020 7:00:00 PM,10826.00,SCE
2/15/2020 7:00:00 PM,2393.00,SDGE
2/15/2020 7:00:00 PM,60.00,VEA
2/15/2020 8:00:00 PM,2799.00,AZPS
2/15/2020 8:00:00 PM,1130.00,BANCSMUD
2/15/2020 8:00:00 PM,8411.00,BCHA
2/15/2020 8:00:00 PM,24297.00,CA ISO
2/15/2020 8:00:00 PM,1831.00,IPCO
2/15/2020 8:00:00 PM,0.00,MWD
2/15/2020 8:00:00 PM,3820.00,NEVP
2/15/2020 8:00:00 PM,5319.00,PACE
2/15/2020 8:00:00 PM,2483.00,PACW
2/15/2020 8:00:00 PM,11239.00,PGE
2/15/2020 8:00:00 PM,2587.00,PGE-NEW
2/15/2020 8:00:00 PM,3229.00,PSEI
2/15/2020 8:00:00 PM,10667.00,SCE
2/15/2020 8:00:00 PM,2331.00,SDGE
2/15/2020 8:00:00 PM,60.00,VEA
2/15/2020 9:00:00 PM,2690.00,AZPS
2/15/2020 9:00:00 PM,1083.00,BANCSMUD
2/15/2020 9:00:00 PM,8128.00,BCHA
2/15/2020 9:00:00 PM,23480.00,CA ISO
2/15/2020 9:00:00 PM,1750.00,IPCO
2/15/2020 9:00:00 PM,0.00,MWD
2/15/2020 9:00:00 PM,3721.00,NEVP
2/15/2020 9:00:00 PM,5117.00,PACE
2/15/2020 9:00:00 PM,2358.00,PACW
2/15/2020 9:00:00 PM,10804.00,PGE
2/15/2020 9:00:00 PM,2452.00,PGE-NEW
2/15/2020 9:00:00 PM,3066.00,PSEI
2/15/2020 9:00:00 PM,10369.00,SCE
2/15/2020 9:00:00 PM,2248.00,SDGE
2/15/2020 9:00:00 PM,59.00,VEA
2/15/2020 10:00:00 PM,2585.00,AZPS
2/15/2020 10:00:00 PM,1019.00,BANCSMUD
2/15/2020 10:00:00 PM,7783.00,BCHA
2/15/2020 10:00:00 PM,22284.00,CA ISO
2/15/2020 10:00:00 PM,1675.00,IPCO
2/15/2020 10:00:00 PM,0.00,MWD
2/15/2020 10:00:00 PM,3601.00,NEVP
2/15/2020 10:00:00 PM,4915.00,PACE
2/15/2020 10:00:00 PM,2218.00,PACW
2/15/2020 10:00:00 PM,10237.00,PGE
2/15/2020 10:00:00 PM,2292.00,PGE-NEW
2/15/2020 10:00:00 PM,2867.00,PSEI
2/15/2020 10:00:00 PM,9849.00,SCE
2/15/2020 10:00:00 PM,2140.00,SDGE
2/15/2020 10:00:00 PM,58.00,VEA
2/15/2020 11:00:00 PM,2519.00,AZPS
2/15/2020 11:00:00 PM,954.00,BANCSMUD
2/15/2020 11:00:00 PM,7435.00,BCHA
2/15/2020 11:00:00 PM,21123.00,CA ISO
2/15/2020 11:00:00 PM,1622.00,IPCO
2/15/2020 11:00:00 PM,0.00,MWD
2/15/2020 11:00:00 PM,3477.00,NEVP
2/15/2020 11:00:00 PM,4763.00,PACE
2/15/2020 11:00:00 PM,2109.00,PACW
2/15/2020 11:00:00 PM,9756.00,PGE
2/15/2020 11:00:00 PM,2148.00,PGE-NEW
2/15/2020 11:00:00 PM,2693.00,PSEI
2/15/2020 11:00:00 PM,9289.00,SCE
2/15/2020 11:00:00 PM,2019.00,SDGE
2/15/2020 11:00:00 PM,59.00,VEA
2/16/2020 12:00:00 AM,2487.00,AZPS
2/16/2020 12:00:00 AM,906.00,BANCSMUD
2/16/2020 12:00:00 AM,7200.00,BCHA
2/16/2020 12:00:00 AM,20435.00,CA ISO
2/16/2020 12:00:00 AM,1598.00,IPCO
2/16/2020 12:00:00 AM,0.00,MWD
2/16/2020 12:00:00 AM,3382.00,NEVP
2/16/2020 12:00:00 AM,4673.00,PACE
2/16/2020 12:00:00 AM,2032.00,PACW
2/16/2020 12:00:00 AM,9584.00,PGE
2/16/2020 12:00:00 AM,2041.00,PGE-NEW
2/16/2020 12:00:00 AM,2573.00,PSEI
2/16/2020 12:00:00 AM,8874.00,SCE
2/16/2020 12:00:00 AM,1917.00,SDGE
2/16/2020 12:00:00 AM,60.00,VEA
2/16/2020 1:00:00 AM,2487.00,AZPS
2/16/2020 1:00:00 AM,872.00,BANCSMUD
2/16/2020 1:00:00 AM,7066.00,BCHA
2/16/2020 1:00:00 AM,19894.00,CA ISO
2/16/2020 1:00:00 AM,1596.00,IPCO
2/16/2020 1:00:00 AM,1.00,MWD
2/16/2020 1:00:00 AM,3324.00,NEVP
2/16/2020 1:00:00 AM,4628.00,PACE
2/16/2020 1:00:00 AM,1985.00,PACW
2/16/2020 1:00:00 AM,9370.00,PGE
2/16/2020 1:00:00 AM,1974.00,PGE-NEW
2/16/2020 1:00:00 AM,2504.00,PSEI
2/16/2020 1:00:00 AM,8606.00,SCE
2/16/2020 1:00:00 AM,1855.00,SDGE
2/16/2020 1:00:00 AM,62.00,VEA
2/16/2020 2:00:00 AM,2519.00,AZPS
2/16/2020 2:00:00 AM,853.00,BANCSMUD
2/16/2020 2:00:00 AM,7014.00,BCHA
2/16/2020 2:00:00 AM,19538.00,CA ISO
2/16/2020 2:00:00 AM,1608.00,IPCO
2/16/2020 2:00:00 AM,0.00,MWD
2/16/2020 2:00:00 AM,3294.00,NEVP
2/16/2020 2:00:00 AM,4626.00,PACE
2/16/2020 2:00:00 AM,1978.00,PACW
2/16/2020 2:00:00 AM,9199.00,PGE
2/16/2020 2:00:00 AM,1940.00,PGE-NEW
2/16/2020 2:00:00 AM,2477.00,PSEI
2/16/2020 2:00:00 AM,8440.00,SCE
2/16/2020 2:00:00 AM,1834.00,SDGE
2/16/2020 2:00:00 AM,65.00,VEA
2/16/2020 3:00:00 AM,2590.00,AZPS
2/16/2020 3:00:00 AM,846.00,BANCSMUD
2/16/2020 3:00:00 AM,7031.00,BCHA
2/16/2020 3:00:00 AM,19302.00,CA ISO
2/16/2020 3:00:00 AM,1632.00,IPCO
2/16/2020 3:00:00 AM,0.00,MWD
2/16/2020 3:00:00 AM,3291.00,NEVP
2/16/2020 3:00:00 AM,4655.00,PACE
2/16/2020 3:00:00 AM,1997.00,PACW
2/16/2020 3:00:00 AM,9110.00,PGE
2/16/2020 3:00:00 AM,1942.00,PGE-NEW
2/16/2020 3:00:00 AM,2499.00,PSEI
2/16/2020 3:00:00 AM,8315.00,SCE
2/16/2020 3:00:00 AM,1809.00,SDGE
2/16/2020 3:00:00 AM,68.00,VEA
2/16/2020 4:00:00 AM,2725.00,AZPS
2/16/2020 4:00:00 AM,861.00,BANCSMUD
2/16/2020 4:00:00 AM,7114.00,BCHA
2/16/2020 4:00:00 AM,19381.00,CA ISO
2/16/2020 4:00:00 AM,1675.00,IPCO
2/16/2020 4:00:00 AM,0.00,MWD
2/16/2020 4:00:00 AM,3337.00,NEVP
2/16/2020 4:00:00 AM,4732.00,PACE
2/16/2020 4:00:00 AM,2046.00,PACW
2/16/2020 4:00:00 AM,9154.00,PGE
2/16/2020 4:00:00 AM,1984.00,PGE-NEW
2/16/2020 4:00:00 AM,2577.00,PSEI
2/16/2020 4:00:00 AM,8362.00,SCE
2/16/2020 4:00:00 AM,1793.00,SDGE
2/16/2020 4:00:00 AM,72.00,VEA
2/16/2020 5:00:00 AM,2889.00,AZPS
2/16/2020 5:00:00 AM,897.00,BANCSMUD
2/16/2020 5:00:00 AM,7306.00,BCHA
2/16/2020 5:00:00 AM,19849.00,CA ISO
2/16/2020 5:00:00 AM,1745.00,IPCO
2/16/2020 5:00:00 AM,0.00,MWD
2/16/2020 5:00:00 AM,3408.00,NEVP
2/16/2020 5:00:00 AM,4868.00,PACE
2/16/2020 5:00:00 AM,2155.00,PACW
2/16/2020 5:00:00 AM,9382.00,PGE
2/16/2020 5:00:00 AM,2085.00,PGE-NEW
2/16/2020 5:00:00 AM,2725.00,PSEI
2/16/2020 5:00:00 AM,8539.00,SCE
2/16/2020 5:00:00 AM,1850.00,SDGE
2/16/2020 5:00:00 AM,78.00,VEA
2/16/2020 6:00:00 AM,2950.00,AZPS
2/16/2020 6:00:00 AM,949.00,BANCSMUD
2/16/2020 6:00:00 AM,7628.00,BCHA
2/16/2020 6:00:00 AM,20384.00,CA ISO
2/16/2020 6:00:00 AM,1829.00,IPCO
2/16/2020 6:00:00 AM,0.00,MWD
2/16/2020 6:00:00 AM,3442.00,NEVP
2/16/2020 6:00:00 AM,5026.00,PACE
2/16/2020 6:00:00 AM,2315.00,PACW
2/16/2020 6:00:00 AM,9720.00,PGE
2/16/2020 6:00:00 AM,2238.00,PGE-NEW
2/16/2020 6:00:00 AM,2931.00,PSEI
2/16/2020 6:00:00 AM,8663.00,SCE
2/16/2020 6:00:00 AM,1918.00,SDGE
2/16/2020 6:00:00 AM,83.00,VEA
2/16/2020 7:00:00 AM,2753.00,AZPS
2/16/2020 7:00:00 AM,986.00,BANCSMUD
2/16/2020 7:00:00 AM,8013.00,BCHA
2/16/2020 7:00:00 AM,20422.00,CA ISO
2/16/2020 7:00:00 AM,1891.00,IPCO
2/16/2020 7:00:00 AM,0.00,MWD
2/16/2020 7:00:00 AM,3414.00,NEVP
2/16/2020 7:00:00 AM,5168.00,PACE
2/16/2020 7:00:00 AM,2466.00,PACW
2/16/2020 7:00:00 AM,9887.00,PGE
2/16/2020 7:00:00 AM,2392.00,PGE-NEW
2/16/2020 7:00:00 AM,3137.00,PSEI
2/16/2020 7:00:00 AM,8567.00,SCE
2/16/2020 7:00:00 AM,1888.00,SDGE
2/16/2020 7:00:00 AM,80.00,VEA
