,Date,Hourly Price,Hourly Load
0,2019-02-02 08:00:00,0.05805,30.85718975169413
1,2019-02-02 09:00:00,0.05959,31.696819702645556
2,2019-02-02 10:00:00,0.061579999999999996,39.3479028890312
3,2019-02-02 11:00:00,0.061579999999999996,65.41969706696904
4,2019-02-02 12:00:00,0.060610000000000004,76.91225844165294
5,2019-02-02 13:00:00,0.06065,80.86389890805091
6,2019-02-02 14:00:00,0.05997,82.59538886367262
7,2019-02-02 15:00:00,0.059860000000000003,76.88835132820853
8,2019-02-02 16:00:00,0.06097,74.38339140788376
9,2019-02-02 17:00:00,0.06515,73.22865582539241
10,2019-02-03 08:00:00,0.05805,30.65989072243222
11,2019-02-03 09:00:00,0.05959,32.52026623845012
12,2019-02-03 10:00:00,0.061579999999999996,40.29465141551885
13,2019-02-03 11:00:00,0.061579999999999996,65.42824500443656
14,2019-02-03 12:00:00,0.060610000000000004,76.2264585136635
15,2019-02-03 13:00:00,0.06065,81.24883405946917
16,2019-02-03 14:00:00,0.05997,83.66012331533217
17,2019-02-03 15:00:00,0.059860000000000003,75.8115164086959
18,2019-02-03 16:00:00,0.06097,76.58132724937907
19,2019-02-03 17:00:00,0.06515,72.915782580178
20,2019-02-04 08:00:00,0.05805,29.87011269593737
21,2019-02-04 09:00:00,0.05959,33.498225691565615
22,2019-02-04 10:00:00,0.061579999999999996,37.481803598790556
23,2019-02-04 11:00:00,0.061579999999999996,64.39769607356388
24,2019-02-04 12:00:00,0.060610000000000004,76.97612935102954
25,2019-02-04 13:00:00,0.06065,78.15269225657266
26,2019-02-04 14:00:00,0.05997,81.84558750178326
27,2019-02-04 15:00:00,0.059860000000000003,75.14468417780755
28,2019-02-04 16:00:00,0.06097,74.27320122692078
29,2019-02-04 17:00:00,0.06515,74.11091883507248
30,2019-02-05 08:00:00,0.05805,31.466966195282303
31,2019-02-05 09:00:00,0.05959,33.85586179274233
32,2019-02-05 10:00:00,0.061579999999999996,38.56066413270086
33,2019-02-05 11:00:00,0.061579999999999996,65.55009842788905
34,2019-02-05 12:00:00,0.060610000000000004,76.24140570217257
35,2019-02-05 13:00:00,0.06065,79.84637983594169
36,2019-02-05 14:00:00,0.05997,83.31587723815291
37,2019-02-05 15:00:00,0.059860000000000003,76.0748583046013
38,2019-02-05 16:00:00,0.06097,76.21940328083471
39,2019-02-05 17:00:00,0.06515,72.01218274013294
40,2019-02-06 08:00:00,0.05805,30.48629121330278
41,2019-02-06 09:00:00,0.05959,31.522222712794417
42,2019-02-06 10:00:00,0.061579999999999996,39.729591439956
43,2019-02-06 11:00:00,0.061579999999999996,63.9178666047661
44,2019-02-06 12:00:00,0.060610000000000004,79.07618018453947
45,2019-02-06 13:00:00,0.06065,78.86579504671654
46,2019-02-06 14:00:00,0.05997,82.46416209972465
47,2019-02-06 15:00:00,0.059860000000000003,77.18386472712862
48,2019-02-06 16:00:00,0.06097,78.42910819424918
49,2019-02-06 17:00:00,0.06515,75.05493770701239
50,2019-02-07 08:00:00,0.05805,31.438727834630964
51,2019-02-07 09:00:00,0.05959,32.161637831948994
52,2019-02-07 10:00:00,0.061579999999999996,39.598907268169945
53,2019-02-07 11:00:00,0.061579999999999996,63.71364009272741
54,2019-02-07 12:00:00,0.060610000000000004,76.47480448417357
55,2019-02-07 13:00:00,0.06065,79.73735448458395
56,2019-02-07 14:00:00,0.05997,82.69787498006285
57,2019-02-07 15:00:00,0.059860000000000003,75.97330668902542
58,2019-02-07 16:00:00,0.06097,75.04822280857665
59,2019-02-07 17:00:00,0.06515,72.13386885764298
60,2019-02-08 08:00:00,0.05805,28.277851809863087
61,2019-02-08 09:00:00,0.05959,33.64906348192024
62,2019-02-08 10:00:00,0.061579999999999996,38.908647289284616
63,2019-02-08 11:00:00,0.061579999999999996,65.17016363143125
64,2019-02-08 12:00:00,0.060610000000000004,76.67757201305137
65,2019-02-08 13:00:00,0.06065,78.46188049600822
66,2019-02-08 14:00:00,0.05997,82.06093392054913
67,2019-02-08 15:00:00,0.059860000000000003,76.66903964608687
68,2019-02-08 16:00:00,0.06097,75.85085706752973
69,2019-02-08 17:00:00,0.06515,74.98456660274732
70,2019-02-09 08:00:00,0.05805,29.50269743295399
71,2019-02-09 09:00:00,0.05959,33.32077622499743
72,2019-02-09 10:00:00,0.061579999999999996,39.2653109674403
73,2019-02-09 11:00:00,0.061579999999999996,64.72217220910511
74,2019-02-09 12:00:00,0.060610000000000004,77.62924853321077
75,2019-02-09 13:00:00,0.06065,81.05264792675851
76,2019-02-09 14:00:00,0.05997,82.53206587769206
77,2019-02-09 15:00:00,0.059860000000000003,76.3750953134182
78,2019-02-09 16:00:00,0.06097,75.66756618492624
79,2019-02-09 17:00:00,0.06515,73.01297551945592
80,2019-02-10 08:00:00,0.05805,30.745942317915
81,2019-02-10 09:00:00,0.05959,32.23677065479215
82,2019-02-10 10:00:00,0.061579999999999996,38.1554533439611
83,2019-02-10 11:00:00,0.061579999999999996,64.43684237652373
84,2019-02-10 12:00:00,0.060610000000000004,77.2053625782054
85,2019-02-10 13:00:00,0.06065,80.01644450517928
86,2019-02-10 14:00:00,0.05997,81.10517998241421
87,2019-02-10 15:00:00,0.059860000000000003,78.25340121951788
88,2019-02-10 16:00:00,0.06097,74.73832211355729
89,2019-02-10 17:00:00,0.06515,74.04954355901377
90,2019-02-11 08:00:00,0.05805,27.90778333834602
91,2019-02-11 09:00:00,0.05959,32.63845864420081
92,2019-02-11 10:00:00,0.061579999999999996,37.211803210515335
93,2019-02-11 11:00:00,0.061579999999999996,63.39153926660145
94,2019-02-11 12:00:00,0.060610000000000004,78.31216537788961
95,2019-02-11 13:00:00,0.06065,80.0972081701462
96,2019-02-11 14:00:00,0.05997,81.31703867502652
97,2019-02-11 15:00:00,0.059860000000000003,76.26773000719075
98,2019-02-11 16:00:00,0.06097,75.32166824210977
99,2019-02-11 17:00:00,0.06515,73.62172877323454
100,2019-02-12 08:00:00,0.05805,31.745576793184334
101,2019-02-12 09:00:00,0.05959,32.67239331942536
102,2019-02-12 10:00:00,0.061579999999999996,40.177370169195555
103,2019-02-12 11:00:00,0.061579999999999996,62.527730793964345
104,2019-02-12 12:00:00,0.060610000000000004,78.666190847643
105,2019-02-12 13:00:00,0.06065,80.40911046741729
106,2019-02-12 14:00:00,0.05997,82.63575267601657
107,2019-02-12 15:00:00,0.059860000000000003,76.05263380758264
108,2019-02-12 16:00:00,0.06097,76.00332988257644
109,2019-02-12 17:00:00,0.06515,75.00493166207671
110,2019-02-13 08:00:00,0.05805,29.83848943672211
111,2019-02-13 09:00:00,0.05959,30.255461372656285
112,2019-02-13 10:00:00,0.061579999999999996,40.051164548639804
113,2019-02-13 11:00:00,0.061579999999999996,63.49293622459401
114,2019-02-13 12:00:00,0.060610000000000004,76.0434169071835
115,2019-02-13 13:00:00,0.06065,80.45697400389894
116,2019-02-13 14:00:00,0.05997,83.4035428580961
117,2019-02-13 15:00:00,0.059860000000000003,75.98225785271528
118,2019-02-13 16:00:00,0.06097,74.79542891647193
119,2019-02-13 17:00:00,0.06515,74.35458365002273
120,2019-02-14 08:00:00,0.05805,29.413452271868934
121,2019-02-14 09:00:00,0.05959,33.30047804908872
122,2019-02-14 10:00:00,0.061579999999999996,39.36529142721492
123,2019-02-14 11:00:00,0.061579999999999996,63.43007231668052
124,2019-02-14 12:00:00,0.060610000000000004,75.5628508749466
125,2019-02-14 13:00:00,0.06065,79.97863910500074
126,2019-02-14 14:00:00,0.05997,83.94679461087367
127,2019-02-14 15:00:00,0.059860000000000003,76.48505336010297
128,2019-02-14 16:00:00,0.06097,76.59017068654585
129,2019-02-14 17:00:00,0.06515,73.9749383483129
130,2019-02-15 08:00:00,0.05805,28.967930055021295
131,2019-02-15 09:00:00,0.05959,32.06957181691022
132,2019-02-15 10:00:00,0.061579999999999996,38.7543387648505
133,2019-02-15 11:00:00,0.061579999999999996,63.39239157222916
134,2019-02-15 12:00:00,0.060610000000000004,79.27797958573636
135,2019-02-15 13:00:00,0.06065,80.62664039862482
136,2019-02-15 14:00:00,0.05997,81.59629623586879
137,2019-02-15 15:00:00,0.059860000000000003,76.68388777642994
138,2019-02-15 16:00:00,0.06097,75.49346696333653
139,2019-02-15 17:00:00,0.06515,71.99855304181838
140,2019-02-16 08:00:00,0.05805,29.971556118715903
141,2019-02-16 09:00:00,0.05959,34.268426490249766
142,2019-02-16 10:00:00,0.061579999999999996,38.85500610869973
143,2019-02-16 11:00:00,0.061579999999999996,62.33794075227873
144,2019-02-16 12:00:00,0.060610000000000004,76.28521920058023
145,2019-02-16 13:00:00,0.06065,79.58273631975757
146,2019-02-16 14:00:00,0.05997,82.11753147302768
147,2019-02-16 15:00:00,0.059860000000000003,76.02883511875446
148,2019-02-16 16:00:00,0.06097,76.38360424631313
149,2019-02-16 17:00:00,0.06515,73.99880736221725
150,2019-02-17 08:00:00,0.05805,29.678512160139125
151,2019-02-17 09:00:00,0.05959,32.55986491578947
152,2019-02-17 10:00:00,0.061579999999999996,39.3894144769751
153,2019-02-17 11:00:00,0.061579999999999996,64.04101058746096
154,2019-02-17 12:00:00,0.060610000000000004,77.60191729781289
155,2019-02-17 13:00:00,0.06065,79.93019509701612
156,2019-02-17 14:00:00,0.05997,81.51185383209838
157,2019-02-17 15:00:00,0.059860000000000003,75.73715228521279
158,2019-02-17 16:00:00,0.06097,75.75072749263873
159,2019-02-17 17:00:00,0.06515,73.77264524036443
160,2019-02-18 08:00:00,0.05805,29.39735793727071
161,2019-02-18 09:00:00,0.05959,33.299577983364856
162,2019-02-18 10:00:00,0.061579999999999996,39.77643851753956
163,2019-02-18 11:00:00,0.061579999999999996,62.47781117369373
164,2019-02-18 12:00:00,0.060610000000000004,77.83093249188089
165,2019-02-18 13:00:00,0.06065,81.45056827309828
166,2019-02-18 14:00:00,0.05997,82.13731530901826
167,2019-02-18 15:00:00,0.059860000000000003,76.65820411684709
168,2019-02-18 16:00:00,0.06097,76.27540367900167
169,2019-02-18 17:00:00,0.06515,74.67249237093485
170,2019-02-19 08:00:00,0.05805,30.072154710301707
171,2019-02-19 09:00:00,0.05959,32.62239513070748
172,2019-02-19 10:00:00,0.061579999999999996,38.445248438756394
173,2019-02-19 11:00:00,0.061579999999999996,62.45851747642222
174,2019-02-19 12:00:00,0.060610000000000004,78.0121914285089
175,2019-02-19 13:00:00,0.06065,80.3877746426613
176,2019-02-19 14:00:00,0.05997,84.28702610611931
177,2019-02-19 15:00:00,0.059860000000000003,75.9302670476309
178,2019-02-19 16:00:00,0.06097,75.5324630341015
179,2019-02-19 17:00:00,0.06515,73.0186476293259
180,2019-02-20 08:00:00,0.05805,29.950239593491663
181,2019-02-20 09:00:00,0.05959,33.90702447738272
182,2019-02-20 10:00:00,0.061579999999999996,39.22163319288609
183,2019-02-20 11:00:00,0.061579999999999996,64.13574104829397
184,2019-02-20 12:00:00,0.060610000000000004,76.30715370436553
185,2019-02-20 13:00:00,0.06065,79.67499894026801
186,2019-02-20 14:00:00,0.05997,84.01751922327425
187,2019-02-20 15:00:00,0.059860000000000003,74.68998591289365
188,2019-02-20 16:00:00,0.06097,78.34793002957154
189,2019-02-20 17:00:00,0.06515,73.9516528281588
190,2019-02-21 08:00:00,0.05805,28.720537884556872
191,2019-02-21 09:00:00,0.05959,31.77874161304849
192,2019-02-21 10:00:00,0.061579999999999996,37.7279346690741
193,2019-02-21 11:00:00,0.061579999999999996,64.59188173790548
194,2019-02-21 12:00:00,0.060610000000000004,74.94775351687252
195,2019-02-21 13:00:00,0.06065,82.30750011490345
196,2019-02-21 14:00:00,0.05997,84.4419503330116
197,2019-02-21 15:00:00,0.059860000000000003,77.22673271444569
198,2019-02-21 16:00:00,0.06097,74.2998590092646
199,2019-02-21 17:00:00,0.06515,74.98035019889933
200,2019-02-22 08:00:00,0.05805,29.075491042678724
201,2019-02-22 09:00:00,0.05959,33.310352689282
202,2019-02-22 10:00:00,0.061579999999999996,38.519992317794625
203,2019-02-22 11:00:00,0.061579999999999996,64.24906492159182
204,2019-02-22 12:00:00,0.060610000000000004,77.5979027564883
205,2019-02-22 13:00:00,0.06065,81.7955397371059
206,2019-02-22 14:00:00,0.05997,82.8420605767929
207,2019-02-22 15:00:00,0.059860000000000003,78.09854916158599
208,2019-02-22 16:00:00,0.06097,75.17788852093804
209,2019-02-22 17:00:00,0.06515,73.68908431147644
210,2019-02-23 08:00:00,0.05805,27.78647645448199
211,2019-02-23 09:00:00,0.05959,30.452288146831798
212,2019-02-23 10:00:00,0.061579999999999996,36.9778989706103
213,2019-02-23 11:00:00,0.061579999999999996,63.648303345530465
214,2019-02-23 12:00:00,0.060610000000000004,75.63894108617575
215,2019-02-23 13:00:00,0.06065,81.62605277743073
216,2019-02-23 14:00:00,0.05997,81.58739599935097
217,2019-02-23 15:00:00,0.059860000000000003,75.58104944804258
218,2019-02-23 16:00:00,0.06097,76.79092968877154
219,2019-02-23 17:00:00,0.06515,73.73198739326519
220,2019-02-24 08:00:00,0.05805,29.934658328179154
221,2019-02-24 09:00:00,0.05959,31.352945651169573
222,2019-02-24 10:00:00,0.061579999999999996,38.91583578874841
223,2019-02-24 11:00:00,0.061579999999999996,62.66198284635816
224,2019-02-24 12:00:00,0.060610000000000004,77.59362284058403
225,2019-02-24 13:00:00,0.06065,80.72497100187258
226,2019-02-24 14:00:00,0.05997,83.10853237607564
227,2019-02-24 15:00:00,0.059860000000000003,76.22476871628365
228,2019-02-24 16:00:00,0.06097,77.85657217202657
229,2019-02-24 17:00:00,0.06515,73.5036967863692
230,2019-02-25 08:00:00,0.05805,28.914667949912694
231,2019-02-25 09:00:00,0.05959,33.11732416604911
232,2019-02-25 10:00:00,0.061579999999999996,38.76870816822896
233,2019-02-25 11:00:00,0.061579999999999996,63.992923796431114
234,2019-02-25 12:00:00,0.060610000000000004,75.99331534300788
235,2019-02-25 13:00:00,0.06065,80.26291121302009
236,2019-02-25 14:00:00,0.05997,84.15857123451947
237,2019-02-25 15:00:00,0.059860000000000003,75.68685879621614
238,2019-02-25 16:00:00,0.06097,75.2738324272176
239,2019-02-25 17:00:00,0.06515,75.13066551333021
240,2019-02-26 08:00:00,0.05805,29.984054850482988
241,2019-02-26 09:00:00,0.05959,33.28872791398784
242,2019-02-26 10:00:00,0.061579999999999996,39.221910219420515
243,2019-02-26 11:00:00,0.061579999999999996,64.17736428781056
244,2019-02-26 12:00:00,0.060610000000000004,77.66381894124773
245,2019-02-26 13:00:00,0.06065,80.27494531689716
246,2019-02-26 14:00:00,0.05997,83.19590692553498
247,2019-02-26 15:00:00,0.059860000000000003,76.91248483523758
248,2019-02-26 16:00:00,0.06097,77.56572228070868
249,2019-02-26 17:00:00,0.06515,75.63262640831664
250,2019-02-27 08:00:00,0.05805,27.404309384546256
251,2019-02-27 09:00:00,0.05959,32.58511462297239
252,2019-02-27 10:00:00,0.061579999999999996,39.046542107909765
253,2019-02-27 11:00:00,0.061579999999999996,63.49499351504593
254,2019-02-27 12:00:00,0.060610000000000004,77.35907163574593
255,2019-02-27 13:00:00,0.06065,79.6586895151005
256,2019-02-27 14:00:00,0.05997,82.82027327683615
257,2019-02-27 15:00:00,0.059860000000000003,77.23565066284336
258,2019-02-27 16:00:00,0.06097,77.12823013741658
259,2019-02-27 17:00:00,0.06515,75.25376769516153
260,2019-02-28 08:00:00,0.05805,29.954210880366865
261,2019-02-28 09:00:00,0.05959,31.803246255314505
262,2019-02-28 10:00:00,0.061579999999999996,38.58187825512228
263,2019-02-28 11:00:00,0.061579999999999996,65.0817820685048
264,2019-02-28 12:00:00,0.060610000000000004,77.47388771021333
265,2019-02-28 13:00:00,0.06065,82.5796623024901
266,2019-02-28 14:00:00,0.05997,84.74624035405246
267,2019-02-28 15:00:00,0.059860000000000003,77.68032755632956
268,2019-02-28 16:00:00,0.06097,77.9395635045986
269,2019-02-28 17:00:00,0.06515,77.00130627421241
270,2019-03-01 08:00:00,0.05805,28.842902037570145
271,2019-03-01 09:00:00,0.05959,32.01100658783815
272,2019-03-01 10:00:00,0.061579999999999996,37.40619463419683
273,2019-03-01 11:00:00,0.061579999999999996,63.614217241203896
274,2019-03-01 12:00:00,0.060610000000000004,77.6980889568302
275,2019-03-01 13:00:00,0.06065,81.46855856327068
276,2019-03-01 14:00:00,0.05997,83.54001837509806
277,2019-03-01 15:00:00,0.059860000000000003,79.19065046608729
278,2019-03-01 16:00:00,0.06097,77.11353373010931
279,2019-03-01 17:00:00,0.06515,74.32125154701589
280,2019-03-02 08:00:00,0.05805,27.578907948381215
281,2019-03-02 09:00:00,0.05959,30.309014410110695
282,2019-03-02 10:00:00,0.061579999999999996,38.28238273601687
283,2019-03-02 11:00:00,0.061579999999999996,63.32754817386667
284,2019-03-02 12:00:00,0.060610000000000004,76.30759256351274
285,2019-03-02 13:00:00,0.06065,79.69559744642017
286,2019-03-02 14:00:00,0.05997,81.20242432162851
287,2019-03-02 15:00:00,0.059860000000000003,76.92432670903064
288,2019-03-02 16:00:00,0.06097,78.67869510711047
289,2019-03-02 17:00:00,0.06515,75.8843363014681
290,2019-03-03 08:00:00,0.05805,27.144479462438266
291,2019-03-03 09:00:00,0.05959,32.803657557444744
292,2019-03-03 10:00:00,0.061579999999999996,39.06955817220386
293,2019-03-03 11:00:00,0.061579999999999996,62.54587506434878
294,2019-03-03 12:00:00,0.060610000000000004,78.85430836933217
295,2019-03-03 13:00:00,0.06065,80.27581471757215
296,2019-03-03 14:00:00,0.05997,83.93684291887783
297,2019-03-03 15:00:00,0.059860000000000003,79.81868994796947
298,2019-03-03 16:00:00,0.06097,78.05033460884812
299,2019-03-03 17:00:00,0.06515,74.68297049223995
300,2019-03-04 08:00:00,0.05805,29.122566849420483
301,2019-03-04 09:00:00,0.05959,33.114881962377076
302,2019-03-04 10:00:00,0.061579999999999996,39.62389534265846
303,2019-03-04 11:00:00,0.061579999999999996,64.12634929115133
304,2019-03-04 12:00:00,0.060610000000000004,76.44296660946355
305,2019-03-04 13:00:00,0.06065,79.65081233560363
306,2019-03-04 14:00:00,0.05997,82.87538515369303
307,2019-03-04 15:00:00,0.059860000000000003,78.96223168829685
308,2019-03-04 16:00:00,0.06097,77.86768567333388
309,2019-03-04 17:00:00,0.06515,74.65278206017418
310,2019-03-05 08:00:00,0.05805,30.81015625675072
311,2019-03-05 09:00:00,0.05959,33.492700321697534
312,2019-03-05 10:00:00,0.061579999999999996,37.87688816384369
313,2019-03-05 11:00:00,0.061579999999999996,63.861152143598545
314,2019-03-05 12:00:00,0.060610000000000004,78.47989709352056
315,2019-03-05 13:00:00,0.06065,80.36874065948095
316,2019-03-05 14:00:00,0.05997,84.40021000445702
317,2019-03-05 15:00:00,0.059860000000000003,76.56110851052695
318,2019-03-05 16:00:00,0.06097,77.96745981144007
319,2019-03-05 17:00:00,0.06515,76.1386124650579
320,2019-03-06 08:00:00,0.05805,28.66281023897283
321,2019-03-06 09:00:00,0.05959,34.092404272134345
322,2019-03-06 10:00:00,0.061579999999999996,37.379158256474206
323,2019-03-06 11:00:00,0.061579999999999996,62.991007953106525
324,2019-03-06 12:00:00,0.060610000000000004,77.94948212287888
325,2019-03-06 13:00:00,0.06065,80.50140836183824
326,2019-03-06 14:00:00,0.05997,82.13615739364427
327,2019-03-06 15:00:00,0.059860000000000003,78.90333852128042
328,2019-03-06 16:00:00,0.06097,79.1936733628901
329,2019-03-06 17:00:00,0.06515,74.25657664182762
330,2019-03-07 08:00:00,0.05805,30.558348578740297
331,2019-03-07 09:00:00,0.05959,33.16277296758588
332,2019-03-07 10:00:00,0.061579999999999996,39.40311251131517
333,2019-03-07 11:00:00,0.061579999999999996,62.447385661044386
334,2019-03-07 12:00:00,0.060610000000000004,79.81468948895778
335,2019-03-07 13:00:00,0.06065,81.01758031065988
336,2019-03-07 14:00:00,0.05997,82.88247278569216
337,2019-03-07 15:00:00,0.059860000000000003,79.03761975583325
338,2019-03-07 16:00:00,0.06097,76.30499101834342
339,2019-03-07 17:00:00,0.06515,73.87766542936394
340,2019-03-08 08:00:00,0.05805,29.662784913901547
341,2019-03-08 09:00:00,0.05959,29.94170952268183
342,2019-03-08 10:00:00,0.061579999999999996,38.554356047863934
343,2019-03-08 11:00:00,0.061579999999999996,62.17124525927994
344,2019-03-08 12:00:00,0.060610000000000004,79.1618734556924
345,2019-03-08 13:00:00,0.06065,82.02874677666053
346,2019-03-08 14:00:00,0.05997,83.62958589045336
347,2019-03-08 15:00:00,0.059860000000000003,78.30279853239527
348,2019-03-08 16:00:00,0.06097,76.6360263473116
349,2019-03-08 17:00:00,0.06515,74.36787443825682
350,2019-03-09 08:00:00,0.05805,26.667419913280398
351,2019-03-09 09:00:00,0.05959,32.47862227281973
352,2019-03-09 10:00:00,0.061579999999999996,37.41650284659349
353,2019-03-09 11:00:00,0.061579999999999996,64.25264954000706
354,2019-03-09 12:00:00,0.060610000000000004,77.77646359181148
355,2019-03-09 13:00:00,0.06065,81.003045312678
356,2019-03-09 14:00:00,0.05997,81.53844737378012
357,2019-03-09 15:00:00,0.059860000000000003,78.00830117201392
358,2019-03-09 16:00:00,0.06097,79.03656831157916
359,2019-03-09 17:00:00,0.06515,75.62593017768691
360,2019-03-10 08:00:00,0.05805,27.816974747395317
361,2019-03-10 09:00:00,0.05959,32.103687722997115
362,2019-03-10 10:00:00,0.061579999999999996,38.2276649610603
363,2019-03-10 11:00:00,0.061579999999999996,64.5627339770221
364,2019-03-10 12:00:00,0.060610000000000004,77.77590639317536
365,2019-03-10 13:00:00,0.06065,80.72815428334461
366,2019-03-10 14:00:00,0.05997,82.82769066487366
367,2019-03-10 15:00:00,0.059860000000000003,78.72203209973912
368,2019-03-10 16:00:00,0.06097,76.94851059229809
369,2019-03-10 17:00:00,0.06515,72.6132385989695
370,2019-03-11 08:00:00,0.05805,27.15753421533773
371,2019-03-11 09:00:00,0.05959,32.18350960850157
372,2019-03-11 10:00:00,0.061579999999999996,37.79391428758348
373,2019-03-11 11:00:00,0.061579999999999996,62.65189453645438
374,2019-03-11 12:00:00,0.060610000000000004,78.0109785517185
375,2019-03-11 13:00:00,0.06065,81.39888680416615
376,2019-03-11 14:00:00,0.05997,82.57169778259579
377,2019-03-11 15:00:00,0.059860000000000003,81.09000800855829
378,2019-03-11 16:00:00,0.06097,75.84975065070509
379,2019-03-11 17:00:00,0.06515,73.00326466783645
380,2019-03-12 08:00:00,0.05805,27.89013799744664
381,2019-03-12 09:00:00,0.05959,31.675648050342126
382,2019-03-12 10:00:00,0.061579999999999996,39.416698066068165
383,2019-03-12 11:00:00,0.061579999999999996,63.72860714949018
384,2019-03-12 12:00:00,0.060610000000000004,77.87374976317206
385,2019-03-12 13:00:00,0.06065,80.59086924455302
386,2019-03-12 14:00:00,0.05997,83.2815307792845
387,2019-03-12 15:00:00,0.059860000000000003,77.80485405172917
388,2019-03-12 16:00:00,0.06097,77.7698035508222
389,2019-03-12 17:00:00,0.06515,75.69816185580112
390,2019-03-13 08:00:00,0.05805,28.120402443975834
391,2019-03-13 09:00:00,0.05959,33.00486316796257
392,2019-03-13 10:00:00,0.061579999999999996,37.91239542030938
393,2019-03-13 11:00:00,0.061579999999999996,63.68549460921383
394,2019-03-13 12:00:00,0.060610000000000004,77.59704863593683
395,2019-03-13 13:00:00,0.06065,81.35822783938258
396,2019-03-13 14:00:00,0.05997,82.216306191551
397,2019-03-13 15:00:00,0.059860000000000003,77.03791494625413
398,2019-03-13 16:00:00,0.06097,76.7671562868993
399,2019-03-13 17:00:00,0.06515,74.01777243349163
400,2019-03-14 08:00:00,0.05805,29.598126012429905
401,2019-03-14 09:00:00,0.05959,32.003835541836935
402,2019-03-14 10:00:00,0.061579999999999996,36.778392014471166
403,2019-03-14 11:00:00,0.061579999999999996,63.73381468142444
404,2019-03-14 12:00:00,0.060610000000000004,79.67303304443485
405,2019-03-14 13:00:00,0.06065,81.02539858481086
406,2019-03-14 14:00:00,0.05997,83.81303158282309
407,2019-03-14 15:00:00,0.059860000000000003,77.8143652808709
408,2019-03-14 16:00:00,0.06097,77.32195325127915
409,2019-03-14 17:00:00,0.06515,75.04183020409691
410,2019-03-15 08:00:00,0.05805,28.70618048179582
411,2019-03-15 09:00:00,0.05959,31.776732523960238
412,2019-03-15 10:00:00,0.061579999999999996,37.07599099430694
413,2019-03-15 11:00:00,0.061579999999999996,64.0018982233312
414,2019-03-15 12:00:00,0.060610000000000004,76.3894623055049
415,2019-03-15 13:00:00,0.06065,82.42352449196339
416,2019-03-15 14:00:00,0.05997,83.12530716366281
417,2019-03-15 15:00:00,0.059860000000000003,79.22690933643798
418,2019-03-15 16:00:00,0.06097,78.76522360082188
419,2019-03-15 17:00:00,0.06515,74.49796823743355
420,2019-03-16 08:00:00,0.05805,28.487999524314905
421,2019-03-16 09:00:00,0.05959,30.903272002276033
422,2019-03-16 10:00:00,0.061579999999999996,38.98861138207128
423,2019-03-16 11:00:00,0.061579999999999996,63.488092227697656
424,2019-03-16 12:00:00,0.060610000000000004,77.42086071359977
425,2019-03-16 13:00:00,0.06065,82.52598206363146
426,2019-03-16 14:00:00,0.05997,84.15310532704453
427,2019-03-16 15:00:00,0.059860000000000003,77.83176901973145
428,2019-03-16 16:00:00,0.06097,77.6781745078092
429,2019-03-16 17:00:00,0.06515,74.6508913149852
430,2019-03-17 08:00:00,0.05805,28.63961890895506
431,2019-03-17 09:00:00,0.05959,33.03223484309585
432,2019-03-17 10:00:00,0.061579999999999996,38.86066413188697
433,2019-03-17 11:00:00,0.061579999999999996,62.38205830785365
434,2019-03-17 12:00:00,0.060610000000000004,76.80778415223953
435,2019-03-17 13:00:00,0.06065,81.33678037602112
436,2019-03-17 14:00:00,0.05997,83.85776303617037
437,2019-03-17 15:00:00,0.059860000000000003,78.09765571259956
438,2019-03-17 16:00:00,0.06097,79.79004794792436
439,2019-03-17 17:00:00,0.06515,75.0735137761572
440,2019-03-18 08:00:00,0.05805,27.352943972271497
441,2019-03-18 09:00:00,0.05959,33.285092465240645
442,2019-03-18 10:00:00,0.061579999999999996,38.54368599235722
443,2019-03-18 11:00:00,0.061579999999999996,63.06452691029648
444,2019-03-18 12:00:00,0.060610000000000004,77.6714732382017
445,2019-03-18 13:00:00,0.06065,80.52658141554588
446,2019-03-18 14:00:00,0.05997,82.28853858778938
447,2019-03-18 15:00:00,0.059860000000000003,78.09908486073904
448,2019-03-18 16:00:00,0.06097,77.28415839613257
449,2019-03-18 17:00:00,0.06515,75.66880018367735
450,2019-03-19 08:00:00,0.05805,27.80688070660984
451,2019-03-19 09:00:00,0.05959,31.55852553181871
452,2019-03-19 10:00:00,0.061579999999999996,38.894506949324196
453,2019-03-19 11:00:00,0.061579999999999996,61.22044229991563
454,2019-03-19 12:00:00,0.060610000000000004,77.26306946258681
455,2019-03-19 13:00:00,0.06065,80.83023025741049
456,2019-03-19 14:00:00,0.05997,84.08344474795221
457,2019-03-19 15:00:00,0.059860000000000003,80.0375901959527
458,2019-03-19 16:00:00,0.06097,78.53960912761103
459,2019-03-19 17:00:00,0.06515,74.52688578537521
460,2019-03-20 08:00:00,0.05805,26.097431590597107
461,2019-03-20 09:00:00,0.05959,31.71351312725014
462,2019-03-20 10:00:00,0.061579999999999996,36.74636682939801
463,2019-03-20 11:00:00,0.061579999999999996,63.880670117961934
464,2019-03-20 12:00:00,0.060610000000000004,76.32790037578675
465,2019-03-20 13:00:00,0.06065,81.1169274827558
466,2019-03-20 14:00:00,0.05997,84.03467103674284
467,2019-03-20 15:00:00,0.059860000000000003,78.98737210643894
468,2019-03-20 16:00:00,0.06097,76.16394736586273
469,2019-03-20 17:00:00,0.06515,74.04659287614224
470,2019-03-21 08:00:00,0.05805,27.800263883629594
471,2019-03-21 09:00:00,0.05959,31.567470646354828
472,2019-03-21 10:00:00,0.061579999999999996,38.12600280976742
473,2019-03-21 11:00:00,0.061579999999999996,63.121950078632736
474,2019-03-21 12:00:00,0.060610000000000004,78.57249347658302
475,2019-03-21 13:00:00,0.06065,81.62381294323086
476,2019-03-21 14:00:00,0.05997,85.64964349817492
477,2019-03-21 15:00:00,0.059860000000000003,77.89231768951171
478,2019-03-21 16:00:00,0.06097,76.77665644382651
479,2019-03-21 17:00:00,0.06515,73.74673042777744
480,2019-03-22 08:00:00,0.05805,26.407559986087705
481,2019-03-22 09:00:00,0.05959,31.80379788716192
482,2019-03-22 10:00:00,0.061579999999999996,37.91638016992785
483,2019-03-22 11:00:00,0.061579999999999996,63.42079369605342
484,2019-03-22 12:00:00,0.060610000000000004,78.45369867913179
485,2019-03-22 13:00:00,0.06065,81.0816164946772
486,2019-03-22 14:00:00,0.05997,82.91560317145333
487,2019-03-22 15:00:00,0.059860000000000003,78.17025931926753
488,2019-03-22 16:00:00,0.06097,78.34838905525406
489,2019-03-22 17:00:00,0.06515,73.07930058436398
490,2019-03-23 08:00:00,0.05805,27.95566460702216
491,2019-03-23 09:00:00,0.05959,32.40021528333551
492,2019-03-23 10:00:00,0.061579999999999996,37.75929043767288
493,2019-03-23 11:00:00,0.061579999999999996,63.972687174207664
494,2019-03-23 12:00:00,0.060610000000000004,78.45897411306301
495,2019-03-23 13:00:00,0.06065,81.55742823260907
496,2019-03-23 14:00:00,0.05997,83.9687200646144
497,2019-03-23 15:00:00,0.059860000000000003,80.38029744147092
498,2019-03-23 16:00:00,0.06097,79.53067746523374
499,2019-03-23 17:00:00,0.06515,75.80351971521227
500,2019-03-24 08:00:00,0.05805,27.626984603051902
501,2019-03-24 09:00:00,0.05959,32.53999128617542
502,2019-03-24 10:00:00,0.061579999999999996,39.2466689409108
503,2019-03-24 11:00:00,0.061579999999999996,63.85183076396105
504,2019-03-24 12:00:00,0.060610000000000004,79.71153105470525
505,2019-03-24 13:00:00,0.06065,82.29763842153103
506,2019-03-24 14:00:00,0.05997,83.09153577812526
507,2019-03-24 15:00:00,0.059860000000000003,78.21039706125484
508,2019-03-24 16:00:00,0.06097,77.10691703745333
509,2019-03-24 17:00:00,0.06515,74.60581141879862
510,2019-03-25 08:00:00,0.05805,28.78753060322795
511,2019-03-25 09:00:00,0.05959,32.15772516462336
512,2019-03-25 10:00:00,0.061579999999999996,37.054664877663065
513,2019-03-25 11:00:00,0.061579999999999996,63.747863030321824
514,2019-03-25 12:00:00,0.060610000000000004,77.96021600017905
515,2019-03-25 13:00:00,0.06065,81.82269114857522
516,2019-03-25 14:00:00,0.05997,83.03270952092161
517,2019-03-25 15:00:00,0.059860000000000003,78.91626966092157
518,2019-03-25 16:00:00,0.06097,77.19895702772892
519,2019-03-25 17:00:00,0.06515,78.06381021731038
520,2019-03-26 08:00:00,0.05805,27.752078050195987
521,2019-03-26 09:00:00,0.05959,31.585081055541835
522,2019-03-26 10:00:00,0.061579999999999996,37.587834412568085
523,2019-03-26 11:00:00,0.061579999999999996,61.9319418238498
524,2019-03-26 12:00:00,0.060610000000000004,78.39029720826147
525,2019-03-26 13:00:00,0.06065,80.6661886781659
526,2019-03-26 14:00:00,0.05997,83.7464155457571
527,2019-03-26 15:00:00,0.059860000000000003,80.7484751062861
528,2019-03-26 16:00:00,0.06097,78.0739097815504
529,2019-03-26 17:00:00,0.06515,74.73922660546963
530,2019-03-27 08:00:00,0.05805,27.964693941344187
531,2019-03-27 09:00:00,0.05959,31.479184561850538
532,2019-03-27 10:00:00,0.061579999999999996,39.87570253938893
533,2019-03-27 11:00:00,0.061579999999999996,61.366849894256625
534,2019-03-27 12:00:00,0.060610000000000004,78.17384401324652
535,2019-03-27 13:00:00,0.06065,79.62929182126865
536,2019-03-27 14:00:00,0.05997,83.37076792441047
537,2019-03-27 15:00:00,0.059860000000000003,80.7199399730381
538,2019-03-27 16:00:00,0.06097,78.82412554586925
539,2019-03-27 17:00:00,0.06515,75.80262147741018
540,2019-03-28 08:00:00,0.05805,26.964994252115876
541,2019-03-28 09:00:00,0.05959,32.90696949249322
542,2019-03-28 10:00:00,0.061579999999999996,35.642941754463465
543,2019-03-28 11:00:00,0.061579999999999996,61.24766390404023
544,2019-03-28 12:00:00,0.060610000000000004,78.0746386787208
545,2019-03-28 13:00:00,0.06065,82.25284282991136
546,2019-03-28 14:00:00,0.05997,81.4256143317514
547,2019-03-28 15:00:00,0.059860000000000003,77.92651442434185
548,2019-03-28 16:00:00,0.06097,79.94755310510864
549,2019-03-28 17:00:00,0.06515,75.22860010293286
550,2019-03-29 08:00:00,0.05805,29.59864434203744
551,2019-03-29 09:00:00,0.05959,29.80995488434343
552,2019-03-29 10:00:00,0.061579999999999996,37.7915821705703
553,2019-03-29 11:00:00,0.061579999999999996,62.602852895766645
554,2019-03-29 12:00:00,0.060610000000000004,76.78876322590759
555,2019-03-29 13:00:00,0.06065,81.31560382844128
556,2019-03-29 14:00:00,0.05997,85.86138259091707
557,2019-03-29 15:00:00,0.059860000000000003,79.74788847215186
558,2019-03-29 16:00:00,0.06097,80.46142865178761
559,2019-03-29 17:00:00,0.06515,75.51522479139177
560,2019-03-30 08:00:00,0.05805,29.04868610791248
561,2019-03-30 09:00:00,0.05959,29.982309618706143
562,2019-03-30 10:00:00,0.061579999999999996,37.51900922453495
563,2019-03-30 11:00:00,0.061579999999999996,63.624291597667835
564,2019-03-30 12:00:00,0.060610000000000004,77.84648271838344
565,2019-03-30 13:00:00,0.06065,81.2707953849129
566,2019-03-30 14:00:00,0.05997,84.35929536801174
567,2019-03-30 15:00:00,0.059860000000000003,79.6480750560596
568,2019-03-30 16:00:00,0.06097,79.52545627100723
569,2019-03-30 17:00:00,0.06515,74.24245072562007
570,2019-03-31 08:00:00,0.05805,26.445360973589793
571,2019-03-31 09:00:00,0.05959,30.953967215609346
572,2019-03-31 10:00:00,0.061579999999999996,36.482694112060415
573,2019-03-31 11:00:00,0.061579999999999996,62.17821341990827
574,2019-03-31 12:00:00,0.060610000000000004,76.77014971207463
575,2019-03-31 13:00:00,0.06065,82.79502685745751
576,2019-03-31 14:00:00,0.05997,82.9613423116536
577,2019-03-31 15:00:00,0.059860000000000003,79.86765029576733
578,2019-03-31 16:00:00,0.06097,79.48143134670438
579,2019-03-31 17:00:00,0.06515,74.96265145931524
580,2019-04-01 08:00:00,0.05805,28.226207192031495
581,2019-04-01 09:00:00,0.05959,31.406314372844435
582,2019-04-01 10:00:00,0.061579999999999996,37.38058361078825
583,2019-04-01 11:00:00,0.061579999999999996,63.57546930654468
584,2019-04-01 12:00:00,0.060610000000000004,78.01572376787244
585,2019-04-01 13:00:00,0.06065,82.10836177934294
586,2019-04-01 14:00:00,0.05997,84.19233799897353
587,2019-04-01 15:00:00,0.059860000000000003,79.24118640352414
588,2019-04-01 16:00:00,0.06097,78.53580527727179
589,2019-04-01 17:00:00,0.06515,73.27445487010641
590,2019-04-02 08:00:00,0.05805,27.785278876079122
591,2019-04-02 09:00:00,0.05959,30.121331956166173
592,2019-04-02 10:00:00,0.061579999999999996,37.11282378756021
593,2019-04-02 11:00:00,0.061579999999999996,62.630677898626985
594,2019-04-02 12:00:00,0.060610000000000004,78.24531330054656
595,2019-04-02 13:00:00,0.06065,79.89719909358833
596,2019-04-02 14:00:00,0.05997,83.82340833828687
597,2019-04-02 15:00:00,0.059860000000000003,78.64404225148574
598,2019-04-02 16:00:00,0.06097,79.34155436180379
599,2019-04-02 17:00:00,0.06515,76.43864786800553
600,2019-04-03 08:00:00,0.05805,28.080578153134255
601,2019-04-03 09:00:00,0.05959,31.010977020357224
602,2019-04-03 10:00:00,0.061579999999999996,35.97014314477598
603,2019-04-03 11:00:00,0.061579999999999996,63.092675156276755
604,2019-04-03 12:00:00,0.060610000000000004,77.81016088029328
605,2019-04-03 13:00:00,0.06065,81.5246289849352
606,2019-04-03 14:00:00,0.05997,81.9809731317615
607,2019-04-03 15:00:00,0.059860000000000003,80.95804865136098
608,2019-04-03 16:00:00,0.06097,77.51157838235306
609,2019-04-03 17:00:00,0.06515,75.88021914470649
610,2019-04-04 08:00:00,0.05805,28.423510957739257
611,2019-04-04 09:00:00,0.05959,32.88235414240268
612,2019-04-04 10:00:00,0.061579999999999996,38.82556441569791
613,2019-04-04 11:00:00,0.061579999999999996,61.31837295477142
614,2019-04-04 12:00:00,0.060610000000000004,79.53995490184225
615,2019-04-04 13:00:00,0.06065,79.60885195650384
616,2019-04-04 14:00:00,0.05997,83.43011380735255
617,2019-04-04 15:00:00,0.059860000000000003,79.21526296265755
618,2019-04-04 16:00:00,0.06097,79.53260540313376
619,2019-04-04 17:00:00,0.06515,75.3815245010094
620,2019-04-05 08:00:00,0.05805,27.2862701375488
621,2019-04-05 09:00:00,0.05959,30.519051575277146
622,2019-04-05 10:00:00,0.061579999999999996,38.06029449178909
623,2019-04-05 11:00:00,0.061579999999999996,60.897866933052526
624,2019-04-05 12:00:00,0.060610000000000004,78.72292379332396
625,2019-04-05 13:00:00,0.06065,80.81464751774406
626,2019-04-05 14:00:00,0.05997,84.91226174157268
627,2019-04-05 15:00:00,0.059860000000000003,80.37029677002907
628,2019-04-05 16:00:00,0.06097,77.89607498469437
629,2019-04-05 17:00:00,0.06515,74.04687125973142
630,2019-04-06 08:00:00,0.05805,27.58705868351378
631,2019-04-06 09:00:00,0.05959,32.786005254563435
632,2019-04-06 10:00:00,0.061579999999999996,40.14760448307039
633,2019-04-06 11:00:00,0.061579999999999996,63.349388568082645
634,2019-04-06 12:00:00,0.060610000000000004,78.5968980926954
635,2019-04-06 13:00:00,0.06065,80.51867063394101
636,2019-04-06 14:00:00,0.05997,83.49254471766307
637,2019-04-06 15:00:00,0.059860000000000003,80.37155542769506
638,2019-04-06 16:00:00,0.06097,78.3780223414216
639,2019-04-06 17:00:00,0.06515,74.84018161106866
640,2019-04-07 08:00:00,0.05805,27.52497795290274
641,2019-04-07 09:00:00,0.05959,31.17030542095625
642,2019-04-07 10:00:00,0.061579999999999996,40.12764493819855
643,2019-04-07 11:00:00,0.061579999999999996,63.0582370616961
644,2019-04-07 12:00:00,0.060610000000000004,77.1044934625051
645,2019-04-07 13:00:00,0.06065,82.80488982350585
646,2019-04-07 14:00:00,0.05997,83.3502580995405
647,2019-04-07 15:00:00,0.059860000000000003,78.50071681763175
648,2019-04-07 16:00:00,0.06097,79.2836510315588
649,2019-04-07 17:00:00,0.06515,74.05553352601808
650,2019-04-08 08:00:00,0.05805,27.999868185268678
651,2019-04-08 09:00:00,0.05959,32.298573476077344
652,2019-04-08 10:00:00,0.061579999999999996,38.51191498575696
653,2019-04-08 11:00:00,0.061579999999999996,62.21420570025581
654,2019-04-08 12:00:00,0.060610000000000004,76.99968119213925
655,2019-04-08 13:00:00,0.06065,81.33529988736743
656,2019-04-08 14:00:00,0.05997,82.45311096189451
657,2019-04-08 15:00:00,0.059860000000000003,82.00945286522577
658,2019-04-08 16:00:00,0.06097,80.26105578316631
659,2019-04-08 17:00:00,0.06515,73.89657029950918
660,2019-04-09 08:00:00,0.05805,28.43735104174277
661,2019-04-09 09:00:00,0.05959,29.65560323999486
662,2019-04-09 10:00:00,0.061579999999999996,37.14317099060203
663,2019-04-09 11:00:00,0.061579999999999996,64.40377002811498
664,2019-04-09 12:00:00,0.060610000000000004,78.86031247041372
665,2019-04-09 13:00:00,0.06065,82.28491051678247
666,2019-04-09 14:00:00,0.05997,84.7097087710974
667,2019-04-09 15:00:00,0.059860000000000003,80.35587499836082
668,2019-04-09 16:00:00,0.06097,78.38871452450103
669,2019-04-09 17:00:00,0.06515,74.96104137400982
670,2019-04-10 08:00:00,0.05805,28.939601180668724
671,2019-04-10 09:00:00,0.05959,29.647974744056626
672,2019-04-10 10:00:00,0.061579999999999996,38.4113145372013
673,2019-04-10 11:00:00,0.061579999999999996,61.254289170775365
674,2019-04-10 12:00:00,0.060610000000000004,78.9717801769653
675,2019-04-10 13:00:00,0.06065,80.68048818079862
676,2019-04-10 14:00:00,0.05997,85.34397248584563
677,2019-04-10 15:00:00,0.059860000000000003,80.89052990602369
678,2019-04-10 16:00:00,0.06097,79.86661250236892
679,2019-04-10 17:00:00,0.06515,75.64903701952848
680,2019-04-11 08:00:00,0.05805,29.300883361587726
681,2019-04-11 09:00:00,0.05959,29.026890221731637
682,2019-04-11 10:00:00,0.061579999999999996,36.90737547952134
683,2019-04-11 11:00:00,0.061579999999999996,61.330551409323576
684,2019-04-11 12:00:00,0.060610000000000004,78.06655210145672
685,2019-04-11 13:00:00,0.06065,81.2461048119818
686,2019-04-11 14:00:00,0.05997,84.30431210835384
687,2019-04-11 15:00:00,0.059860000000000003,80.48400594134571
688,2019-04-11 16:00:00,0.06097,79.67680650820265
689,2019-04-11 17:00:00,0.06515,74.12845846940299
690,2019-04-12 08:00:00,0.05805,28.56842767755161
691,2019-04-12 09:00:00,0.05959,30.39373896313594
692,2019-04-12 10:00:00,0.061579999999999996,36.80695919555907
693,2019-04-12 11:00:00,0.061579999999999996,61.641223672774835
694,2019-04-12 12:00:00,0.060610000000000004,78.21461581332441
695,2019-04-12 13:00:00,0.06065,81.56617001070437
696,2019-04-12 14:00:00,0.05997,85.18791409669701
697,2019-04-12 15:00:00,0.059860000000000003,81.04772658808592
698,2019-04-12 16:00:00,0.06097,81.45578166963413
699,2019-04-12 17:00:00,0.06515,72.79966919413211
700,2019-04-13 08:00:00,0.05805,28.91997126246231
701,2019-04-13 09:00:00,0.05959,31.5601027820589
702,2019-04-13 10:00:00,0.061579999999999996,38.17398692641011
703,2019-04-13 11:00:00,0.061579999999999996,60.70561826208788
704,2019-04-13 12:00:00,0.060610000000000004,78.86528072228649
705,2019-04-13 13:00:00,0.06065,79.59286078394018
706,2019-04-13 14:00:00,0.05997,83.72183068340128
707,2019-04-13 15:00:00,0.059860000000000003,81.33415385649818
708,2019-04-13 16:00:00,0.06097,80.41187282074553
709,2019-04-13 17:00:00,0.06515,75.10357127209937
710,2019-04-14 08:00:00,0.05805,27.173274412330382
711,2019-04-14 09:00:00,0.05959,30.827309198233305
712,2019-04-14 10:00:00,0.061579999999999996,38.876172230969516
713,2019-04-14 11:00:00,0.061579999999999996,62.070074471146455
714,2019-04-14 12:00:00,0.060610000000000004,77.66913906998256
715,2019-04-14 13:00:00,0.06065,82.28081640725054
716,2019-04-14 14:00:00,0.05997,83.68916185041545
717,2019-04-14 15:00:00,0.059860000000000003,80.43214897627274
718,2019-04-14 16:00:00,0.06097,80.31797933796668
719,2019-04-14 17:00:00,0.06515,75.0045090468052
720,2019-04-15 08:00:00,0.05805,27.40379919941718
721,2019-04-15 09:00:00,0.05959,30.754436620391495
722,2019-04-15 10:00:00,0.061579999999999996,37.968559473821855
723,2019-04-15 11:00:00,0.061579999999999996,62.84071739239142
724,2019-04-15 12:00:00,0.060610000000000004,78.465486251717
725,2019-04-15 13:00:00,0.06065,81.75505702600573
726,2019-04-15 14:00:00,0.05997,85.03022426616974
727,2019-04-15 15:00:00,0.059860000000000003,80.68136731360602
728,2019-04-15 16:00:00,0.06097,80.39381636281901
729,2019-04-15 17:00:00,0.06515,74.6954691458758
730,2019-04-16 08:00:00,0.05805,28.06029315436685
731,2019-04-16 09:00:00,0.05959,31.044782088134436
732,2019-04-16 10:00:00,0.061579999999999996,37.38503086654512
733,2019-04-16 11:00:00,0.061579999999999996,63.024921217463735
734,2019-04-16 12:00:00,0.060610000000000004,77.65870867397827
735,2019-04-16 13:00:00,0.06065,81.30897722131178
736,2019-04-16 14:00:00,0.05997,84.7986853372633
737,2019-04-16 15:00:00,0.059860000000000003,81.24701773729484
738,2019-04-16 16:00:00,0.06097,80.52651245223612
739,2019-04-16 17:00:00,0.06515,74.43996959730465
740,2019-04-17 08:00:00,0.05805,27.427187234245658
741,2019-04-17 09:00:00,0.05959,30.137676507703652
742,2019-04-17 10:00:00,0.061579999999999996,36.93366813920411
743,2019-04-17 11:00:00,0.061579999999999996,61.52721482139016
744,2019-04-17 12:00:00,0.060610000000000004,77.78151821630804
745,2019-04-17 13:00:00,0.06065,81.70432525155019
746,2019-04-17 14:00:00,0.05997,84.24080450145865
747,2019-04-17 15:00:00,0.059860000000000003,82.33561427482502
748,2019-04-17 16:00:00,0.06097,81.32691314589117
749,2019-04-17 17:00:00,0.06515,74.6084034654217
750,2019-04-18 08:00:00,0.05805,28.565944913150926
751,2019-04-18 09:00:00,0.05959,30.565503064607498
752,2019-04-18 10:00:00,0.061579999999999996,37.112772985827725
753,2019-04-18 11:00:00,0.061579999999999996,63.1944000286565
754,2019-04-18 12:00:00,0.060610000000000004,77.63910586416753
755,2019-04-18 13:00:00,0.06065,83.07375320531204
756,2019-04-18 14:00:00,0.05997,84.07869452944342
757,2019-04-18 15:00:00,0.059860000000000003,80.97145533029287
758,2019-04-18 16:00:00,0.06097,81.5246243982431
759,2019-04-18 17:00:00,0.06515,76.01065952032133
760,2019-04-19 08:00:00,0.05805,27.448599189881207
761,2019-04-19 09:00:00,0.05959,30.23167143484461
762,2019-04-19 10:00:00,0.061579999999999996,38.292919453590166
763,2019-04-19 11:00:00,0.061579999999999996,60.056822963200155
764,2019-04-19 12:00:00,0.060610000000000004,79.43606468380469
765,2019-04-19 13:00:00,0.06065,81.96189506527635
766,2019-04-19 14:00:00,0.05997,83.11155892941507
767,2019-04-19 15:00:00,0.059860000000000003,79.77120525360452
768,2019-04-19 16:00:00,0.06097,81.33175485310025
769,2019-04-19 17:00:00,0.06515,74.28239304312329
770,2019-04-20 08:00:00,0.05805,26.787531144320457
771,2019-04-20 09:00:00,0.05959,31.812228730524517
772,2019-04-20 10:00:00,0.061579999999999996,36.128971358812535
773,2019-04-20 11:00:00,0.061579999999999996,61.89489192833507
774,2019-04-20 12:00:00,0.060610000000000004,79.70473307703243
775,2019-04-20 13:00:00,0.06065,82.83504278771872
776,2019-04-20 14:00:00,0.05997,82.76764868850245
777,2019-04-20 15:00:00,0.059860000000000003,81.49982368037057
778,2019-04-20 16:00:00,0.06097,79.654596185559
779,2019-04-20 17:00:00,0.06515,74.66481009688009
780,2019-04-21 08:00:00,0.05805,25.654008126456567
781,2019-04-21 09:00:00,0.05959,30.927888295093442
782,2019-04-21 10:00:00,0.061579999999999996,37.03957998400968
783,2019-04-21 11:00:00,0.061579999999999996,62.43828358156915
784,2019-04-21 12:00:00,0.060610000000000004,78.2945673473917
785,2019-04-21 13:00:00,0.06065,81.16958107652503
786,2019-04-21 14:00:00,0.05997,84.9114394852997
787,2019-04-21 15:00:00,0.059860000000000003,81.93350321702873
788,2019-04-21 16:00:00,0.06097,81.33345706346982
789,2019-04-21 17:00:00,0.06515,76.29082670315316
790,2019-04-22 08:00:00,0.05805,27.34103156123739
791,2019-04-22 09:00:00,0.05959,30.997961206073565
792,2019-04-22 10:00:00,0.061579999999999996,38.350164579682094
793,2019-04-22 11:00:00,0.061579999999999996,62.72621134521301
794,2019-04-22 12:00:00,0.060610000000000004,79.64110114675735
795,2019-04-22 13:00:00,0.06065,80.00396514917828
796,2019-04-22 14:00:00,0.05997,84.60108246872483
797,2019-04-22 15:00:00,0.059860000000000003,80.28635015332614
798,2019-04-22 16:00:00,0.06097,81.98851369490808
799,2019-04-22 17:00:00,0.06515,74.89265968441066
800,2019-04-23 08:00:00,0.05805,26.621393285435886
801,2019-04-23 09:00:00,0.05959,31.551996753109083
802,2019-04-23 10:00:00,0.061579999999999996,38.93827628090325
803,2019-04-23 11:00:00,0.061579999999999996,62.0454321909463
804,2019-04-23 12:00:00,0.060610000000000004,77.13282872845711
805,2019-04-23 13:00:00,0.06065,82.2545666396287
806,2019-04-23 14:00:00,0.05997,83.73198288474009
807,2019-04-23 15:00:00,0.059860000000000003,81.63424908983544
808,2019-04-23 16:00:00,0.06097,81.19034426623406
809,2019-04-23 17:00:00,0.06515,74.99304222455042
810,2019-04-24 08:00:00,0.05805,28.008551836614696
811,2019-04-24 09:00:00,0.05959,32.22126979873246
812,2019-04-24 10:00:00,0.061579999999999996,37.12485794903066
813,2019-04-24 11:00:00,0.061579999999999996,61.40613415892264
814,2019-04-24 12:00:00,0.060610000000000004,81.36349152896275
815,2019-04-24 13:00:00,0.06065,81.84199868310053
816,2019-04-24 14:00:00,0.05997,82.66927725963212
817,2019-04-24 15:00:00,0.059860000000000003,81.85371024580657
818,2019-04-24 16:00:00,0.06097,80.25452356589173
819,2019-04-24 17:00:00,0.06515,76.57180002246233
820,2019-04-25 08:00:00,0.05805,27.988701540552903
821,2019-04-25 09:00:00,0.05959,30.443035052422434
822,2019-04-25 10:00:00,0.061579999999999996,36.770778908938574
823,2019-04-25 11:00:00,0.061579999999999996,62.22563722692569
824,2019-04-25 12:00:00,0.060610000000000004,80.25463999427295
825,2019-04-25 13:00:00,0.06065,83.92998108228302
826,2019-04-25 14:00:00,0.05997,84.36316654285801
827,2019-04-25 15:00:00,0.059860000000000003,81.76988518116018
828,2019-04-25 16:00:00,0.06097,80.22094580297919
829,2019-04-25 17:00:00,0.06515,76.62155362048073
830,2019-04-26 08:00:00,0.05805,28.906994201540424
831,2019-04-26 09:00:00,0.05959,31.18603785702619
832,2019-04-26 10:00:00,0.061579999999999996,38.52127995770287
833,2019-04-26 11:00:00,0.061579999999999996,62.13684051446236
834,2019-04-26 12:00:00,0.060610000000000004,76.7473333882155
835,2019-04-26 13:00:00,0.06065,82.82054227680898
836,2019-04-26 14:00:00,0.05997,84.78830959727031
837,2019-04-26 15:00:00,0.059860000000000003,81.10352898050377
838,2019-04-26 16:00:00,0.06097,79.75442209254952
839,2019-04-26 17:00:00,0.06515,75.43548538229173
840,2019-04-27 08:00:00,0.05805,27.894056029958058
841,2019-04-27 09:00:00,0.05959,31.454874933624982
842,2019-04-27 10:00:00,0.061579999999999996,38.87128519269826
843,2019-04-27 11:00:00,0.061579999999999996,61.553300903788944
844,2019-04-27 12:00:00,0.060610000000000004,77.19945566257323
845,2019-04-27 13:00:00,0.06065,82.83361183034233
846,2019-04-27 14:00:00,0.05997,84.19189086938258
847,2019-04-27 15:00:00,0.059860000000000003,81.27717666697266
848,2019-04-27 16:00:00,0.06097,79.87362100686934
849,2019-04-27 17:00:00,0.06515,76.38892869441388
850,2019-04-28 08:00:00,0.05805,27.22819760118398
851,2019-04-28 09:00:00,0.05959,29.277586333800727
852,2019-04-28 10:00:00,0.061579999999999996,39.079886013105394
853,2019-04-28 11:00:00,0.061579999999999996,63.10145142799032
854,2019-04-28 12:00:00,0.060610000000000004,78.4804091261955
855,2019-04-28 13:00:00,0.06065,82.30122810377622
856,2019-04-28 14:00:00,0.05997,82.8866737719589
857,2019-04-28 15:00:00,0.059860000000000003,82.57746293826831
858,2019-04-28 16:00:00,0.06097,82.32778197152548
859,2019-04-28 17:00:00,0.06515,74.98525277614371
860,2019-04-29 08:00:00,0.05805,27.830584598722076
861,2019-04-29 09:00:00,0.05959,32.118129055294624
862,2019-04-29 10:00:00,0.061579999999999996,38.574770116216726
863,2019-04-29 11:00:00,0.061579999999999996,62.474310208446205
864,2019-04-29 12:00:00,0.060610000000000004,79.08056897170793
865,2019-04-29 13:00:00,0.06065,79.82194043229211
866,2019-04-29 14:00:00,0.05997,85.04932264829573
867,2019-04-29 15:00:00,0.059860000000000003,81.81294643814793
868,2019-04-29 16:00:00,0.06097,80.50519564522205
869,2019-04-29 17:00:00,0.06515,74.32622078523714
870,2019-04-30 08:00:00,0.05805,27.422423191691642
871,2019-04-30 09:00:00,0.05959,30.982737701990715
872,2019-04-30 10:00:00,0.061579999999999996,36.9782362009763
873,2019-04-30 11:00:00,0.061579999999999996,62.336119868914366
874,2019-04-30 12:00:00,0.060610000000000004,77.70572853673019
875,2019-04-30 13:00:00,0.06065,82.69403275495826
876,2019-04-30 14:00:00,0.05997,82.83044499641954
877,2019-04-30 15:00:00,0.059860000000000003,81.92993716644638
878,2019-04-30 16:00:00,0.06097,81.50151677835157
879,2019-04-30 17:00:00,0.06515,76.56807118285644
880,2019-05-01 08:00:00,0.05805,25.689476089882113
881,2019-05-01 09:00:00,0.05959,30.336998725462593
882,2019-05-01 10:00:00,0.061579999999999996,38.97586597479878
883,2019-05-01 11:00:00,0.061579999999999996,62.57398835257032
884,2019-05-01 12:00:00,0.060610000000000004,79.1083291292847
885,2019-05-01 13:00:00,0.06065,83.6707749093123
886,2019-05-01 14:00:00,0.05997,84.04836504687037
887,2019-05-01 15:00:00,0.059860000000000003,83.18489251271247
888,2019-05-01 16:00:00,0.06097,81.46913644783015
889,2019-05-01 17:00:00,0.06515,72.26229814977829
890,2019-05-02 08:00:00,0.05805,27.89592955774201
891,2019-05-02 09:00:00,0.05959,31.90866641605049
892,2019-05-02 10:00:00,0.061579999999999996,36.02527576919411
893,2019-05-02 11:00:00,0.061579999999999996,62.190168955782944
894,2019-05-02 12:00:00,0.060610000000000004,77.67694368019882
895,2019-05-02 13:00:00,0.06065,83.46151594065914
896,2019-05-02 14:00:00,0.05997,84.82242621676127
897,2019-05-02 15:00:00,0.059860000000000003,79.60084855937829
898,2019-05-02 16:00:00,0.06097,80.96379821671395
899,2019-05-02 17:00:00,0.06515,74.68101136436583
900,2019-05-03 08:00:00,0.05805,27.91140334819539
901,2019-05-03 09:00:00,0.05959,31.04458959098589
902,2019-05-03 10:00:00,0.061579999999999996,35.93448783858916
903,2019-05-03 11:00:00,0.061579999999999996,63.165142772367254
904,2019-05-03 12:00:00,0.060610000000000004,78.14872729402693
905,2019-05-03 13:00:00,0.06065,82.72566039383743
906,2019-05-03 14:00:00,0.05997,85.31317810622532
907,2019-05-03 15:00:00,0.059860000000000003,81.61241283058624
908,2019-05-03 16:00:00,0.06097,81.26327211792858
909,2019-05-03 17:00:00,0.06515,76.06901553517656
910,2019-05-04 08:00:00,0.05805,27.89106019604539
911,2019-05-04 09:00:00,0.05959,28.8137913092878
912,2019-05-04 10:00:00,0.061579999999999996,37.659574365040235
913,2019-05-04 11:00:00,0.061579999999999996,61.79189609367145
914,2019-05-04 12:00:00,0.060610000000000004,77.36560382003381
915,2019-05-04 13:00:00,0.06065,82.86191626070026
916,2019-05-04 14:00:00,0.05997,84.39660889780086
917,2019-05-04 15:00:00,0.059860000000000003,80.73630411607755
918,2019-05-04 16:00:00,0.06097,81.25150806028958
919,2019-05-04 17:00:00,0.06515,75.45940464686738
920,2019-05-05 08:00:00,0.05805,26.625661347746593
921,2019-05-05 09:00:00,0.05959,30.251697979864872
922,2019-05-05 10:00:00,0.061579999999999996,36.69718430718144
923,2019-05-05 11:00:00,0.061579999999999996,64.24334275023332
924,2019-05-05 12:00:00,0.060610000000000004,80.69723414049406
925,2019-05-05 13:00:00,0.06065,82.76517845347769
926,2019-05-05 14:00:00,0.05997,82.45563255699534
927,2019-05-05 15:00:00,0.059860000000000003,82.83799955389537
928,2019-05-05 16:00:00,0.06097,79.64604936622848
929,2019-05-05 17:00:00,0.06515,76.16971573671623
930,2019-05-06 08:00:00,0.05805,28.704661907781244
931,2019-05-06 09:00:00,0.05959,29.645417838051863
932,2019-05-06 10:00:00,0.061579999999999996,39.47409127270017
933,2019-05-06 11:00:00,0.061579999999999996,62.52727933308445
934,2019-05-06 12:00:00,0.060610000000000004,77.08741227888748
935,2019-05-06 13:00:00,0.06065,83.541355729693
936,2019-05-06 14:00:00,0.05997,85.70975131825071
937,2019-05-06 15:00:00,0.059860000000000003,82.26068593486774
938,2019-05-06 16:00:00,0.06097,81.43942584313338
939,2019-05-06 17:00:00,0.06515,75.5246713014483
940,2019-05-07 08:00:00,0.05805,27.490280815131495
941,2019-05-07 09:00:00,0.05959,31.0350871130324
942,2019-05-07 10:00:00,0.061579999999999996,38.06514617656001
943,2019-05-07 11:00:00,0.061579999999999996,61.46060571097776
944,2019-05-07 12:00:00,0.060610000000000004,78.97399384127118
945,2019-05-07 13:00:00,0.06065,82.67423488915526
946,2019-05-07 14:00:00,0.05997,84.14673544289778
947,2019-05-07 15:00:00,0.059860000000000003,83.66277228333313
948,2019-05-07 16:00:00,0.06097,81.10710750824633
949,2019-05-07 17:00:00,0.06515,75.1840510581982
950,2019-05-08 08:00:00,0.05805,28.50134949303897
951,2019-05-08 09:00:00,0.05959,30.586730432719715
952,2019-05-08 10:00:00,0.061579999999999996,37.34930211033908
953,2019-05-08 11:00:00,0.061579999999999996,63.35600060415222
954,2019-05-08 12:00:00,0.060610000000000004,79.51019802131327
955,2019-05-08 13:00:00,0.06065,84.69576483094762
956,2019-05-08 14:00:00,0.05997,85.15264772481311
957,2019-05-08 15:00:00,0.059860000000000003,82.07699401170218
958,2019-05-08 16:00:00,0.06097,81.35711582436377
959,2019-05-08 17:00:00,0.06515,75.55428995264107
960,2019-05-09 08:00:00,0.05805,28.092289651929374
961,2019-05-09 09:00:00,0.05959,28.6509233037347
962,2019-05-09 10:00:00,0.061579999999999996,38.15032711530061
963,2019-05-09 11:00:00,0.061579999999999996,60.6931554203988
964,2019-05-09 12:00:00,0.060610000000000004,79.63771214903505
965,2019-05-09 13:00:00,0.06065,82.43931013277319
966,2019-05-09 14:00:00,0.05997,84.84686993269489
967,2019-05-09 15:00:00,0.059860000000000003,82.73270127222342
968,2019-05-09 16:00:00,0.06097,82.01998240274068
969,2019-05-09 17:00:00,0.06515,76.10021077363432
970,2019-05-10 08:00:00,0.05805,26.798236922346536
971,2019-05-10 09:00:00,0.05959,30.777393128296737
972,2019-05-10 10:00:00,0.061579999999999996,38.73602236859919
973,2019-05-10 11:00:00,0.061579999999999996,61.53023255075042
974,2019-05-10 12:00:00,0.060610000000000004,79.76869793752066
975,2019-05-10 13:00:00,0.06065,83.76862960719083
976,2019-05-10 14:00:00,0.05997,84.35654498816412
977,2019-05-10 15:00:00,0.059860000000000003,82.28455631510143
978,2019-05-10 16:00:00,0.06097,82.96717192943849
979,2019-05-10 17:00:00,0.06515,75.58999006508813
980,2019-05-11 08:00:00,0.05805,28.706794453011774
981,2019-05-11 09:00:00,0.05959,31.38009315183371
982,2019-05-11 10:00:00,0.061579999999999996,38.95996569561655
983,2019-05-11 11:00:00,0.061579999999999996,62.7483175592101
984,2019-05-11 12:00:00,0.060610000000000004,77.93193057931165
985,2019-05-11 13:00:00,0.06065,82.81638703949878
986,2019-05-11 14:00:00,0.05997,84.83262426362657
987,2019-05-11 15:00:00,0.059860000000000003,80.84330446196772
988,2019-05-11 16:00:00,0.06097,81.6829983777361
989,2019-05-11 17:00:00,0.06515,76.26721326323772
990,2019-05-12 08:00:00,0.05805,27.705850542712398
991,2019-05-12 09:00:00,0.05959,29.667812237799872
992,2019-05-12 10:00:00,0.061579999999999996,39.16330927025451
993,2019-05-12 11:00:00,0.061579999999999996,62.1946911653379
994,2019-05-12 12:00:00,0.060610000000000004,77.05344098983535
995,2019-05-12 13:00:00,0.06065,83.71073097522847
996,2019-05-12 14:00:00,0.05997,84.75911567647857
997,2019-05-12 15:00:00,0.059860000000000003,84.12525422282533
998,2019-05-12 16:00:00,0.06097,81.65402231777877
999,2019-05-12 17:00:00,0.06515,76.71172398234748
1000,2019-05-13 08:00:00,0.05805,25.931959671966247
1001,2019-05-13 09:00:00,0.05959,30.807920489563244
1002,2019-05-13 10:00:00,0.061579999999999996,36.89357809799286
1003,2019-05-13 11:00:00,0.061579999999999996,62.45183877387104
1004,2019-05-13 12:00:00,0.060610000000000004,77.82066724851985
1005,2019-05-13 13:00:00,0.06065,82.57548140120629
1006,2019-05-13 14:00:00,0.05997,86.0319490090918
1007,2019-05-13 15:00:00,0.059860000000000003,82.61588005330873
1008,2019-05-13 16:00:00,0.06097,84.45712982073698
1009,2019-05-13 17:00:00,0.06515,76.65072970868054
1010,2019-05-14 08:00:00,0.05805,30.082272518847653
1011,2019-05-14 09:00:00,0.05959,32.57297318510041
1012,2019-05-14 10:00:00,0.061579999999999996,37.96323511526957
1013,2019-05-14 11:00:00,0.061579999999999996,61.33524326075882
1014,2019-05-14 12:00:00,0.060610000000000004,77.81673607876785
1015,2019-05-14 13:00:00,0.06065,82.23353053013533
1016,2019-05-14 14:00:00,0.05997,84.38978009475032
1017,2019-05-14 15:00:00,0.059860000000000003,81.67453594318009
1018,2019-05-14 16:00:00,0.06097,82.42954453025581
1019,2019-05-14 17:00:00,0.06515,76.19963211150237
1020,2019-05-15 08:00:00,0.05805,27.37526537678208
1021,2019-05-15 09:00:00,0.05959,29.1258038446661
1022,2019-05-15 10:00:00,0.061579999999999996,37.501245749549994
1023,2019-05-15 11:00:00,0.061579999999999996,61.10144272093198
1024,2019-05-15 12:00:00,0.060610000000000004,78.38323591580625
1025,2019-05-15 13:00:00,0.06065,80.24172715473003
1026,2019-05-15 14:00:00,0.05997,84.07974764011321
1027,2019-05-15 15:00:00,0.059860000000000003,82.75247060989638
1028,2019-05-15 16:00:00,0.06097,82.41596676981958
1029,2019-05-15 17:00:00,0.06515,74.58602092053954
1030,2019-05-16 08:00:00,0.05805,25.668329204666485
1031,2019-05-16 09:00:00,0.05959,29.908187552968556
1032,2019-05-16 10:00:00,0.061579999999999996,36.75818634131818
1033,2019-05-16 11:00:00,0.061579999999999996,61.49672099848193
1034,2019-05-16 12:00:00,0.060610000000000004,79.15272044169306
1035,2019-05-16 13:00:00,0.06065,84.56331248219446
1036,2019-05-16 14:00:00,0.05997,85.2897216500935
1037,2019-05-16 15:00:00,0.059860000000000003,83.53087829519278
1038,2019-05-16 16:00:00,0.06097,81.3512420462352
1039,2019-05-16 17:00:00,0.06515,75.49775137262102
1040,2019-05-17 08:00:00,0.05805,26.42843115931248
1041,2019-05-17 09:00:00,0.05959,28.803128448048042
1042,2019-05-17 10:00:00,0.061579999999999996,37.24284106406451
1043,2019-05-17 11:00:00,0.061579999999999996,63.08767281732849
1044,2019-05-17 12:00:00,0.060610000000000004,78.22083311687142
1045,2019-05-17 13:00:00,0.06065,83.57278648335756
1046,2019-05-17 14:00:00,0.05997,84.48094201073768
1047,2019-05-17 15:00:00,0.059860000000000003,83.54838454487054
1048,2019-05-17 16:00:00,0.06097,82.23690734740474
1049,2019-05-17 17:00:00,0.06515,75.69939823145724
1050,2019-05-18 08:00:00,0.05805,25.158338620245342
1051,2019-05-18 09:00:00,0.05959,30.765306358575238
1052,2019-05-18 10:00:00,0.061579999999999996,35.12867789840371
1053,2019-05-18 11:00:00,0.061579999999999996,62.82929487981357
1054,2019-05-18 12:00:00,0.060610000000000004,79.69303515061581
1055,2019-05-18 13:00:00,0.06065,80.96939168322277
1056,2019-05-18 14:00:00,0.05997,87.04721712773967
1057,2019-05-18 15:00:00,0.059860000000000003,82.21186140402304
1058,2019-05-18 16:00:00,0.06097,82.78533704409926
1059,2019-05-18 17:00:00,0.06515,76.69028723411233
1060,2019-05-19 08:00:00,0.05805,26.463651928700106
1061,2019-05-19 09:00:00,0.05959,30.606427042873047
1062,2019-05-19 10:00:00,0.061579999999999996,36.2547537508192
1063,2019-05-19 11:00:00,0.061579999999999996,60.564093223310344
1064,2019-05-19 12:00:00,0.060610000000000004,78.35741948390196
1065,2019-05-19 13:00:00,0.06065,82.44113442490264
1066,2019-05-19 14:00:00,0.05997,86.17383152946961
1067,2019-05-19 15:00:00,0.059860000000000003,84.07516465154234
1068,2019-05-19 16:00:00,0.06097,80.60318149205087
1069,2019-05-19 17:00:00,0.06515,74.94260573748801
1070,2019-05-20 08:00:00,0.05805,26.099767346055337
1071,2019-05-20 09:00:00,0.05959,29.398575768936613
1072,2019-05-20 10:00:00,0.061579999999999996,35.04007620650162
1073,2019-05-20 11:00:00,0.061579999999999996,59.89370414648825
1074,2019-05-20 12:00:00,0.060610000000000004,79.5518598419375
1075,2019-05-20 13:00:00,0.06065,83.08261119395344
1076,2019-05-20 14:00:00,0.05997,85.75267794895291
1077,2019-05-20 15:00:00,0.059860000000000003,82.71059275683706
1078,2019-05-20 16:00:00,0.06097,83.32947379732832
1079,2019-05-20 17:00:00,0.06515,75.34363575646611
1080,2019-05-21 08:00:00,0.05805,27.45516049249292
1081,2019-05-21 09:00:00,0.05959,30.71659539573818
1082,2019-05-21 10:00:00,0.061579999999999996,35.48691143227357
1083,2019-05-21 11:00:00,0.061579999999999996,62.91073118270264
1084,2019-05-21 12:00:00,0.060610000000000004,77.95776132990704
1085,2019-05-21 13:00:00,0.06065,84.50919887137057
1086,2019-05-21 14:00:00,0.05997,84.65223405890792
1087,2019-05-21 15:00:00,0.059860000000000003,83.33655453086867
1088,2019-05-21 16:00:00,0.06097,82.60870137220972
1089,2019-05-21 17:00:00,0.06515,75.55783117373541
1090,2019-05-22 08:00:00,0.05805,26.556050775879765
1091,2019-05-22 09:00:00,0.05959,30.158638243982644
1092,2019-05-22 10:00:00,0.061579999999999996,37.747769481645605
1093,2019-05-22 11:00:00,0.061579999999999996,63.466533026997894
1094,2019-05-22 12:00:00,0.060610000000000004,78.04765337714183
1095,2019-05-22 13:00:00,0.06065,82.88865385978313
1096,2019-05-22 14:00:00,0.05997,85.48277983394667
1097,2019-05-22 15:00:00,0.059860000000000003,82.81745983043983
1098,2019-05-22 16:00:00,0.06097,82.99255507027125
1099,2019-05-22 17:00:00,0.06515,76.94598521182647
1100,2019-05-23 08:00:00,0.05805,27.528489454167072
1101,2019-05-23 09:00:00,0.05959,30.590503780370753
1102,2019-05-23 10:00:00,0.061579999999999996,36.282583180206466
1103,2019-05-23 11:00:00,0.061579999999999996,62.545020484261315
1104,2019-05-23 12:00:00,0.060610000000000004,79.09605410273
1105,2019-05-23 13:00:00,0.06065,83.52616499868694
1106,2019-05-23 14:00:00,0.05997,85.70726252413293
1107,2019-05-23 15:00:00,0.059860000000000003,83.21777905751075
1108,2019-05-23 16:00:00,0.06097,84.07689872257652
1109,2019-05-23 17:00:00,0.06515,75.44946811818066
1110,2019-05-24 08:00:00,0.05805,29.17050843941854
1111,2019-05-24 09:00:00,0.05959,29.587934231307354
1112,2019-05-24 10:00:00,0.061579999999999996,36.27018844085922
1113,2019-05-24 11:00:00,0.061579999999999996,61.57386018406277
1114,2019-05-24 12:00:00,0.060610000000000004,78.00865300940264
1115,2019-05-24 13:00:00,0.06065,82.60174714188791
1116,2019-05-24 14:00:00,0.05997,85.42622074371957
1117,2019-05-24 15:00:00,0.059860000000000003,82.05303608139661
1118,2019-05-24 16:00:00,0.06097,83.36090305974585
1119,2019-05-24 17:00:00,0.06515,76.33728600009366
1120,2019-05-25 08:00:00,0.05805,28.20708957513719
1121,2019-05-25 09:00:00,0.05959,30.65300081604643
1122,2019-05-25 10:00:00,0.061579999999999996,37.56274281636539
1123,2019-05-25 11:00:00,0.061579999999999996,61.4173821745429
1124,2019-05-25 12:00:00,0.060610000000000004,76.49713575483248
1125,2019-05-25 13:00:00,0.06065,84.03805441589616
1126,2019-05-25 14:00:00,0.05997,86.410297283039
1127,2019-05-25 15:00:00,0.059860000000000003,83.45734690468201
1128,2019-05-25 16:00:00,0.06097,82.0602487368613
1129,2019-05-25 17:00:00,0.06515,75.41821185310089
1130,2019-05-26 08:00:00,0.05805,28.401799410613883
1131,2019-05-26 09:00:00,0.05959,30.862575418969463
1132,2019-05-26 10:00:00,0.061579999999999996,36.87536366814281
1133,2019-05-26 11:00:00,0.061579999999999996,63.57762507247614
1134,2019-05-26 12:00:00,0.060610000000000004,79.66669381475569
1135,2019-05-26 13:00:00,0.06065,83.33120054189592
1136,2019-05-26 14:00:00,0.05997,84.95558827553079
1137,2019-05-26 15:00:00,0.059860000000000003,82.95489512664382
1138,2019-05-26 16:00:00,0.06097,84.1774297355857
1139,2019-05-26 17:00:00,0.06515,75.76606661957433
1140,2019-05-27 08:00:00,0.05805,28.16263133562604
1141,2019-05-27 09:00:00,0.05959,30.590243851050193
1142,2019-05-27 10:00:00,0.061579999999999996,38.320555142291646
1143,2019-05-27 11:00:00,0.061579999999999996,61.54798311058228
1144,2019-05-27 12:00:00,0.060610000000000004,77.98564209275149
1145,2019-05-27 13:00:00,0.06065,82.40491852227069
1146,2019-05-27 14:00:00,0.05997,85.6404586885863
1147,2019-05-27 15:00:00,0.059860000000000003,81.3880682176153
1148,2019-05-27 16:00:00,0.06097,83.31196904181941
1149,2019-05-27 17:00:00,0.06515,76.27622859807474
1150,2019-05-28 08:00:00,0.05805,26.747924727922616
1151,2019-05-28 09:00:00,0.05959,29.370859961848687
1152,2019-05-28 10:00:00,0.061579999999999996,38.72570498665687
1153,2019-05-28 11:00:00,0.061579999999999996,62.27444946756776
1154,2019-05-28 12:00:00,0.060610000000000004,78.33589471790414
1155,2019-05-28 13:00:00,0.06065,81.99408869084823
1156,2019-05-28 14:00:00,0.05997,84.88247293154642
1157,2019-05-28 15:00:00,0.059860000000000003,83.70623506103075
1158,2019-05-28 16:00:00,0.06097,84.40257462927396
1159,2019-05-28 17:00:00,0.06515,76.61932982287189
1160,2019-05-29 08:00:00,0.05805,27.009431779097625
1161,2019-05-29 09:00:00,0.05959,30.419276921521583
1162,2019-05-29 10:00:00,0.061579999999999996,37.93748568168066
1163,2019-05-29 11:00:00,0.061579999999999996,61.6045396978738
1164,2019-05-29 12:00:00,0.060610000000000004,79.56473982175667
1165,2019-05-29 13:00:00,0.06065,83.79909347953821
1166,2019-05-29 14:00:00,0.05997,85.43239974886271
1167,2019-05-29 15:00:00,0.059860000000000003,84.49312075566341
1168,2019-05-29 16:00:00,0.06097,83.39120753436177
1169,2019-05-29 17:00:00,0.06515,77.04041784038093
1170,2019-05-30 08:00:00,0.05805,26.800912046084672
1171,2019-05-30 09:00:00,0.05959,29.33011755688653
1172,2019-05-30 10:00:00,0.061579999999999996,37.618911396749596
1173,2019-05-30 11:00:00,0.061579999999999996,62.18502079090992
1174,2019-05-30 12:00:00,0.060610000000000004,78.01608147875942
1175,2019-05-30 13:00:00,0.06065,83.48493413294098
1176,2019-05-30 14:00:00,0.05997,85.4603898647501
1177,2019-05-30 15:00:00,0.059860000000000003,82.95461233493573
1178,2019-05-30 16:00:00,0.06097,83.5455951043234
1179,2019-05-30 17:00:00,0.06515,77.35599936910084
1180,2019-05-31 08:00:00,0.05805,24.83789370771416
1181,2019-05-31 09:00:00,0.05959,30.334526666390605
1182,2019-05-31 10:00:00,0.061579999999999996,36.870910897178696
1183,2019-05-31 11:00:00,0.061579999999999996,61.24621986519436
1184,2019-05-31 12:00:00,0.060610000000000004,79.54857348337352
1185,2019-05-31 13:00:00,0.06065,83.76896013784318
1186,2019-05-31 14:00:00,0.05997,85.28427833070687
1187,2019-05-31 15:00:00,0.059860000000000003,83.42361226187968
1188,2019-05-31 16:00:00,0.06097,82.99067044836137
1189,2019-05-31 17:00:00,0.06515,74.59736242125584
1190,2019-06-01 08:00:00,0.05805,27.540046006087543
1191,2019-06-01 09:00:00,0.05959,29.58480695028518
1192,2019-06-01 10:00:00,0.061579999999999996,37.600662850194496
1193,2019-06-01 11:00:00,0.061579999999999996,62.37506268848748
1194,2019-06-01 12:00:00,0.060610000000000004,78.11823462068295
1195,2019-06-01 13:00:00,0.06065,84.4021040302791
1196,2019-06-01 14:00:00,0.05997,85.62304609819827
1197,2019-06-01 15:00:00,0.059860000000000003,83.8901638964664
1198,2019-06-01 16:00:00,0.06097,84.07401738771269
1199,2019-06-01 17:00:00,0.06515,76.21346105266943
1200,2019-06-02 08:00:00,0.05805,27.207631774284263
1201,2019-06-02 09:00:00,0.05959,29.132947092384647
1202,2019-06-02 10:00:00,0.061579999999999996,36.235826558434056
1203,2019-06-02 11:00:00,0.061579999999999996,62.31049648993733
1204,2019-06-02 12:00:00,0.060610000000000004,79.1873993977836
1205,2019-06-02 13:00:00,0.06065,82.44652537919664
1206,2019-06-02 14:00:00,0.05997,85.19867328219411
1207,2019-06-02 15:00:00,0.059860000000000003,83.8037776565089
1208,2019-06-02 16:00:00,0.06097,84.78686287258338
1209,2019-06-02 17:00:00,0.06515,75.43411249273726
1210,2019-06-03 08:00:00,0.05805,26.613930633733467
1211,2019-06-03 09:00:00,0.05959,29.441869596826987
1212,2019-06-03 10:00:00,0.061579999999999996,36.3984648023192
1213,2019-06-03 11:00:00,0.061579999999999996,62.60877655404643
1214,2019-06-03 12:00:00,0.060610000000000004,78.2743416217241
1215,2019-06-03 13:00:00,0.06065,84.93306632952026
1216,2019-06-03 14:00:00,0.05997,85.70142276382825
1217,2019-06-03 15:00:00,0.059860000000000003,84.39293629443834
1218,2019-06-03 16:00:00,0.06097,82.7839306912397
1219,2019-06-03 17:00:00,0.06515,75.93183481852354
1220,2019-06-04 08:00:00,0.05805,25.54723392594367
1221,2019-06-04 09:00:00,0.05959,29.516794022999214
1222,2019-06-04 10:00:00,0.061579999999999996,35.79854745323245
1223,2019-06-04 11:00:00,0.061579999999999996,61.53132137971728
1224,2019-06-04 12:00:00,0.060610000000000004,79.74110140019906
1225,2019-06-04 13:00:00,0.06065,83.15367422294749
1226,2019-06-04 14:00:00,0.05997,84.94294799962925
1227,2019-06-04 15:00:00,0.059860000000000003,82.77060689631094
1228,2019-06-04 16:00:00,0.06097,84.62266164840392
1229,2019-06-04 17:00:00,0.06515,76.11752882501952
1230,2019-06-05 08:00:00,0.05805,26.181168706760783
1231,2019-06-05 09:00:00,0.05959,30.488952999300583
1232,2019-06-05 10:00:00,0.061579999999999996,37.0822197661957
1233,2019-06-05 11:00:00,0.061579999999999996,58.890526993106626
1234,2019-06-05 12:00:00,0.060610000000000004,79.35662370004664
1235,2019-06-05 13:00:00,0.06065,82.84050409622307
1236,2019-06-05 14:00:00,0.05997,86.17323472903671
1237,2019-06-05 15:00:00,0.059860000000000003,84.56018741241115
1238,2019-06-05 16:00:00,0.06097,83.17426264807162
1239,2019-06-05 17:00:00,0.06515,75.52092639218256
1240,2019-06-06 08:00:00,0.05805,27.34957687748708
1241,2019-06-06 09:00:00,0.05959,30.535034717022814
1242,2019-06-06 10:00:00,0.061579999999999996,38.09886349392259
1243,2019-06-06 11:00:00,0.061579999999999996,62.01165532533975
1244,2019-06-06 12:00:00,0.060610000000000004,78.17557290612508
1245,2019-06-06 13:00:00,0.06065,84.02410075029933
1246,2019-06-06 14:00:00,0.05997,85.11960822728794
1247,2019-06-06 15:00:00,0.059860000000000003,84.0594715082874
1248,2019-06-06 16:00:00,0.06097,83.68552467092628
1249,2019-06-06 17:00:00,0.06515,76.12165262815785
1250,2019-06-07 08:00:00,0.05805,27.80140516103429
1251,2019-06-07 09:00:00,0.05959,30.4071604717928
1252,2019-06-07 10:00:00,0.061579999999999996,38.63721496485242
1253,2019-06-07 11:00:00,0.061579999999999996,62.0697812027248
1254,2019-06-07 12:00:00,0.060610000000000004,79.59540971342565
1255,2019-06-07 13:00:00,0.06065,82.0729650439885
1256,2019-06-07 14:00:00,0.05997,85.13227004837225
1257,2019-06-07 15:00:00,0.059860000000000003,85.19259856862482
1258,2019-06-07 16:00:00,0.06097,86.75020406686905
1259,2019-06-07 17:00:00,0.06515,75.27396509009986
1260,2019-06-08 08:00:00,0.05805,24.736324453101414
1261,2019-06-08 09:00:00,0.05959,29.856674636999227
1262,2019-06-08 10:00:00,0.061579999999999996,37.76215881295677
1263,2019-06-08 11:00:00,0.061579999999999996,61.00539842219273
1264,2019-06-08 12:00:00,0.060610000000000004,77.4813870980527
1265,2019-06-08 13:00:00,0.06065,84.94143646404704
1266,2019-06-08 14:00:00,0.05997,86.14364128741838
1267,2019-06-08 15:00:00,0.059860000000000003,85.42671041594097
1268,2019-06-08 16:00:00,0.06097,83.7889651892601
1269,2019-06-08 17:00:00,0.06515,75.82316112983547
1270,2019-06-09 08:00:00,0.05805,27.149695399264463
1271,2019-06-09 09:00:00,0.05959,29.352422754800372
1272,2019-06-09 10:00:00,0.061579999999999996,37.55278096536834
1273,2019-06-09 11:00:00,0.061579999999999996,61.79889836228085
1274,2019-06-09 12:00:00,0.060610000000000004,80.02159265915914
1275,2019-06-09 13:00:00,0.06065,83.56036226316418
1276,2019-06-09 14:00:00,0.05997,84.2741879370289
1277,2019-06-09 15:00:00,0.059860000000000003,83.91900596107857
1278,2019-06-09 16:00:00,0.06097,83.68860549770862
1279,2019-06-09 17:00:00,0.06515,76.71386407785774
1280,2019-06-10 08:00:00,0.05805,27.26575472545514
1281,2019-06-10 09:00:00,0.05959,30.103841808245
1282,2019-06-10 10:00:00,0.061579999999999996,39.032297424378775
1283,2019-06-10 11:00:00,0.061579999999999996,62.011125137658965
1284,2019-06-10 12:00:00,0.060610000000000004,79.15232985464472
1285,2019-06-10 13:00:00,0.06065,84.01274053034474
1286,2019-06-10 14:00:00,0.05997,85.33855104873442
1287,2019-06-10 15:00:00,0.059860000000000003,84.70544175118711
1288,2019-06-10 16:00:00,0.06097,84.29082445971187
1289,2019-06-10 17:00:00,0.06515,76.27069464585401
1290,2019-06-11 08:00:00,0.07552,27.93172390696201
1291,2019-06-11 09:00:00,0.08636,29.303361084850682
1292,2019-06-11 10:00:00,0.12324,38.28595745515733
1293,2019-06-11 11:00:00,0.15755999999999998,61.0173992496309
1294,2019-06-11 12:00:00,0.1916,79.73980930820808
1295,2019-06-11 13:00:00,0.26503000000000004,83.78315380962475
1296,2019-06-11 14:00:00,0.33132,85.18580327941679
1297,2019-06-11 15:00:00,0.37877,85.30463103622868
1298,2019-06-11 16:00:00,0.32247,83.55705000140273
1299,2019-06-11 17:00:00,0.20984,75.5632027400695
1300,2019-06-12 08:00:00,0.05805,26.790346351696176
1301,2019-06-12 09:00:00,0.05959,29.58575315084233
1302,2019-06-12 10:00:00,0.061579999999999996,37.99613213345891
1303,2019-06-12 11:00:00,0.061579999999999996,62.14882731699952
1304,2019-06-12 12:00:00,0.060610000000000004,78.44107750534971
1305,2019-06-12 13:00:00,0.06065,82.47467142954768
1306,2019-06-12 14:00:00,0.05997,86.63618535462241
1307,2019-06-12 15:00:00,0.059860000000000003,84.28278508934451
1308,2019-06-12 16:00:00,0.06097,86.8620891932841
1309,2019-06-12 17:00:00,0.06515,74.20600132303498
1310,2019-06-13 08:00:00,0.05805,25.95617973988893
1311,2019-06-13 09:00:00,0.05959,30.100480764121194
1312,2019-06-13 10:00:00,0.061579999999999996,39.2578644159575
1313,2019-06-13 11:00:00,0.061579999999999996,60.41629006920638
1314,2019-06-13 12:00:00,0.060610000000000004,81.05854221781411
1315,2019-06-13 13:00:00,0.06065,82.59309546578693
1316,2019-06-13 14:00:00,0.05997,85.30877415162186
1317,2019-06-13 15:00:00,0.059860000000000003,83.08099557454973
1318,2019-06-13 16:00:00,0.06097,84.2298904575642
1319,2019-06-13 17:00:00,0.06515,76.50527048212392
1320,2019-06-14 08:00:00,0.05805,25.99974817880519
1321,2019-06-14 09:00:00,0.05959,31.420544958269314
1322,2019-06-14 10:00:00,0.061579999999999996,37.24487866878197
1323,2019-06-14 11:00:00,0.061579999999999996,59.59266645272025
1324,2019-06-14 12:00:00,0.060610000000000004,81.38867734238575
1325,2019-06-14 13:00:00,0.06065,84.14448818466552
1326,2019-06-14 14:00:00,0.05997,85.39577670085136
1327,2019-06-14 15:00:00,0.059860000000000003,83.65511190539992
1328,2019-06-14 16:00:00,0.06097,85.08554134635085
1329,2019-06-14 17:00:00,0.06515,77.01152498827572
1330,2019-06-15 08:00:00,0.05805,26.12959963462007
1331,2019-06-15 09:00:00,0.05959,28.26476512580573
1332,2019-06-15 10:00:00,0.061579999999999996,36.14402579327092
1333,2019-06-15 11:00:00,0.061579999999999996,60.050253630933184
1334,2019-06-15 12:00:00,0.060610000000000004,79.73812580838053
1335,2019-06-15 13:00:00,0.06065,84.1111810090123
1336,2019-06-15 14:00:00,0.05997,85.83599398533246
1337,2019-06-15 15:00:00,0.059860000000000003,85.06564095566554
1338,2019-06-15 16:00:00,0.06097,83.48637047862766
1339,2019-06-15 17:00:00,0.06515,77.3638353624303
1340,2019-06-16 08:00:00,0.05805,26.957161846468242
1341,2019-06-16 09:00:00,0.05959,29.504231937631147
1342,2019-06-16 10:00:00,0.061579999999999996,37.121035534091554
1343,2019-06-16 11:00:00,0.061579999999999996,61.001373988175686
1344,2019-06-16 12:00:00,0.060610000000000004,79.75406505651556
1345,2019-06-16 13:00:00,0.06065,84.15351511815847
1346,2019-06-16 14:00:00,0.05997,85.36802213622543
1347,2019-06-16 15:00:00,0.059860000000000003,85.12432460460865
1348,2019-06-16 16:00:00,0.06097,86.43369859607995
1349,2019-06-16 17:00:00,0.06515,76.72584585776082
1350,2019-06-17 08:00:00,0.05805,25.949136227703875
1351,2019-06-17 09:00:00,0.05959,28.209942945683856
1352,2019-06-17 10:00:00,0.061579999999999996,36.07161805091331
1353,2019-06-17 11:00:00,0.061579999999999996,60.95133931372329
1354,2019-06-17 12:00:00,0.060610000000000004,78.91317525921781
1355,2019-06-17 13:00:00,0.06065,83.72467978031135
1356,2019-06-17 14:00:00,0.05997,86.69019548510921
1357,2019-06-17 15:00:00,0.059860000000000003,85.5078939793519
1358,2019-06-17 16:00:00,0.06097,84.3336027095488
1359,2019-06-17 17:00:00,0.06515,74.76739038026172
1360,2019-06-18 08:00:00,0.05805,25.332458430855276
1361,2019-06-18 09:00:00,0.05959,28.448613224897056
1362,2019-06-18 10:00:00,0.061579999999999996,36.12894051150828
1363,2019-06-18 11:00:00,0.061579999999999996,60.92601507143453
1364,2019-06-18 12:00:00,0.060610000000000004,78.26399995023591
1365,2019-06-18 13:00:00,0.06065,83.70680991329021
1366,2019-06-18 14:00:00,0.05997,84.93818599453078
1367,2019-06-18 15:00:00,0.059860000000000003,84.91848383241464
1368,2019-06-18 16:00:00,0.06097,85.19635243137952
1369,2019-06-18 17:00:00,0.06515,75.61498186883036
1370,2019-06-19 08:00:00,0.05805,25.747208015114705
1371,2019-06-19 09:00:00,0.05959,27.943798301347726
1372,2019-06-19 10:00:00,0.061579999999999996,37.66799429522818
1373,2019-06-19 11:00:00,0.061579999999999996,59.72195752733344
1374,2019-06-19 12:00:00,0.060610000000000004,79.88283930872879
1375,2019-06-19 13:00:00,0.06065,83.11315883831936
1376,2019-06-19 14:00:00,0.05997,87.63353523327271
1377,2019-06-19 15:00:00,0.059860000000000003,84.58499353706466
1378,2019-06-19 16:00:00,0.06097,85.91459156124802
1379,2019-06-19 17:00:00,0.06515,75.41883805553168
1380,2019-06-20 08:00:00,0.05805,24.704165000300314
1381,2019-06-20 09:00:00,0.05959,28.435733313657074
1382,2019-06-20 10:00:00,0.061579999999999996,36.85280623180537
1383,2019-06-20 11:00:00,0.061579999999999996,61.50340005621323
1384,2019-06-20 12:00:00,0.060610000000000004,79.54331145600948
1385,2019-06-20 13:00:00,0.06065,83.93205488657813
1386,2019-06-20 14:00:00,0.05997,84.6511926987832
1387,2019-06-20 15:00:00,0.059860000000000003,84.58816585527443
1388,2019-06-20 16:00:00,0.06097,83.80283525697712
1389,2019-06-20 17:00:00,0.06515,75.96359504866285
1390,2019-06-21 08:00:00,0.05805,25.205693989034973
1391,2019-06-21 09:00:00,0.05959,27.583897510625505
1392,2019-06-21 10:00:00,0.061579999999999996,34.585710774341095
1393,2019-06-21 11:00:00,0.061579999999999996,61.35405128403109
1394,2019-06-21 12:00:00,0.060610000000000004,78.4384738928984
1395,2019-06-21 13:00:00,0.06065,82.9743637591824
1396,2019-06-21 14:00:00,0.05997,88.3703883086579
1397,2019-06-21 15:00:00,0.059860000000000003,86.06302791004796
1398,2019-06-21 16:00:00,0.06097,85.36324240473299
1399,2019-06-21 17:00:00,0.06515,76.73862103826016
1400,2019-06-22 08:00:00,0.043519999999999996,24.405061015433866
1401,2019-06-22 09:00:00,0.05,30.073040236308664
1402,2019-06-22 10:00:00,0.05464,37.84855356780421
1403,2019-06-22 11:00:00,0.05706,61.08953658102192
1404,2019-06-22 12:00:00,0.05935,81.67819239598131
1405,2019-06-22 13:00:00,0.06212,83.08758987163222
1406,2019-06-22 14:00:00,0.06835,87.19388707160235
1407,2019-06-22 15:00:00,0.07441,85.59599653652916
1408,2019-06-22 16:00:00,0.07277,85.38653918095063
1409,2019-06-22 17:00:00,0.06296,76.76143600150041
1410,2019-06-23 08:00:00,0.043519999999999996,26.93804712527484
1411,2019-06-23 09:00:00,0.05,28.021295694043815
1412,2019-06-23 10:00:00,0.05464,38.52481987898797
1413,2019-06-23 11:00:00,0.05706,61.31176041710237
1414,2019-06-23 12:00:00,0.05935,80.49278661414549
1415,2019-06-23 13:00:00,0.06212,83.47567462487365
1416,2019-06-23 14:00:00,0.06835,85.31319470027799
1417,2019-06-23 15:00:00,0.07441,86.57794588230078
1418,2019-06-23 16:00:00,0.07277,85.70766557744402
1419,2019-06-23 17:00:00,0.06296,76.51915084073372
1420,2019-06-24 08:00:00,0.043519999999999996,25.828202966399328
1421,2019-06-24 09:00:00,0.05,28.21249366417606
1422,2019-06-24 10:00:00,0.05464,39.19089718879884
1423,2019-06-24 11:00:00,0.05706,61.24703879687412
1424,2019-06-24 12:00:00,0.05935,80.84494953164658
1425,2019-06-24 13:00:00,0.06212,82.16645108623408
1426,2019-06-24 14:00:00,0.06835,86.22136001286732
1427,2019-06-24 15:00:00,0.07441,84.06050616101487
1428,2019-06-24 16:00:00,0.07277,85.33205203930979
1429,2019-06-24 17:00:00,0.06296,78.07727551178878
1430,2019-06-25 08:00:00,0.043519999999999996,24.590512161679147
1431,2019-06-25 09:00:00,0.05,28.108787120919025
1432,2019-06-25 10:00:00,0.05464,36.81787541140987
1433,2019-06-25 11:00:00,0.05706,62.369929086189345
1434,2019-06-25 12:00:00,0.05935,77.05145800552272
1435,2019-06-25 13:00:00,0.06212,82.36833153327485
1436,2019-06-25 14:00:00,0.06835,86.13138835473954
1437,2019-06-25 15:00:00,0.07441,85.0356779841372
1438,2019-06-25 16:00:00,0.07277,83.07020027585658
1439,2019-06-25 17:00:00,0.06296,77.11166871882601
1440,2019-06-26 08:00:00,0.043519999999999996,25.90618521908838
1441,2019-06-26 09:00:00,0.05,29.967130923155356
1442,2019-06-26 10:00:00,0.05464,36.41180859488476
1443,2019-06-26 11:00:00,0.05706,62.12462903711252
1444,2019-06-26 12:00:00,0.05935,80.4397517672772
1445,2019-06-26 13:00:00,0.06212,83.7867598385648
1446,2019-06-26 14:00:00,0.06835,86.63800014886128
1447,2019-06-26 15:00:00,0.07441,85.36723414169946
1448,2019-06-26 16:00:00,0.07277,84.53050773410186
1449,2019-06-26 17:00:00,0.06296,77.17641596971063
1450,2019-06-27 08:00:00,0.043519999999999996,25.816647681507792
1451,2019-06-27 09:00:00,0.05,30.134341465376302
1452,2019-06-27 10:00:00,0.05464,36.77732196075969
1453,2019-06-27 11:00:00,0.05706,61.36664598846298
1454,2019-06-27 12:00:00,0.05935,80.56965309797911
1455,2019-06-27 13:00:00,0.06212,83.96511364803976
1456,2019-06-27 14:00:00,0.06835,86.82299185821796
1457,2019-06-27 15:00:00,0.07441,84.85554529197559
1458,2019-06-27 16:00:00,0.07277,85.76541345367744
1459,2019-06-27 17:00:00,0.06296,77.26114162493592
1460,2019-06-28 08:00:00,0.043519999999999996,28.01312347571833
1461,2019-06-28 09:00:00,0.05,30.06382404832777
1462,2019-06-28 10:00:00,0.05464,36.90523423971577
1463,2019-06-28 11:00:00,0.05706,61.592658298907324
1464,2019-06-28 12:00:00,0.05935,80.07105213498264
1465,2019-06-28 13:00:00,0.06212,84.37795559264819
1466,2019-06-28 14:00:00,0.06835,86.87777515242385
1467,2019-06-28 15:00:00,0.07441,84.86412207770519
1468,2019-06-28 16:00:00,0.07277,84.4238105561761
1469,2019-06-28 17:00:00,0.06296,76.60584366998322
1470,2019-06-29 08:00:00,0.04413,26.80929493416523
1471,2019-06-29 09:00:00,0.05147,30.29991567411986
1472,2019-06-29 10:00:00,0.05656,36.08377994710464
1473,2019-06-29 11:00:00,0.05967000000000001,61.35276109670065
1474,2019-06-29 12:00:00,0.06207000000000001,78.75020350467874
1475,2019-06-29 13:00:00,0.0695,84.16713812121901
1476,2019-06-29 14:00:00,0.08935,85.57540321566121
1477,2019-06-29 15:00:00,0.11452999999999999,86.06664413157146
1478,2019-06-29 16:00:00,0.10435,85.73081354123146
1479,2019-06-29 17:00:00,0.0797,78.15823920552147
1480,2019-06-30 08:00:00,0.046130000000000004,25.804148182916443
1481,2019-06-30 09:00:00,0.0518,28.614865282953435
1482,2019-06-30 10:00:00,0.06885,36.0159545132166
1483,2019-06-30 11:00:00,0.07845,60.542390129305836
1484,2019-06-30 12:00:00,0.10554000000000001,79.96568060528371
1485,2019-06-30 13:00:00,0.26279,84.64812116917537
1486,2019-06-30 14:00:00,0.42355,85.7593209743259
1487,2019-06-30 15:00:00,0.55055,84.62170960873041
1488,2019-06-30 16:00:00,0.5595899999999999,84.93961211781752
1489,2019-06-30 17:00:00,0.35307,76.76923996630177
1490,2019-07-01 08:00:00,0.046130000000000004,25.761303489079395
1491,2019-07-01 09:00:00,0.0518,28.390975241446988
1492,2019-07-01 10:00:00,0.06885,36.4973064858488
1493,2019-07-01 11:00:00,0.07845,61.04840149239927
1494,2019-07-01 12:00:00,0.10554000000000001,81.47498016921949
1495,2019-07-01 13:00:00,0.26279,84.48649695737508
1496,2019-07-01 14:00:00,0.42355,85.6071130160006
1497,2019-07-01 15:00:00,0.55055,86.85218282414652
1498,2019-07-01 16:00:00,0.5595899999999999,84.47678341256565
1499,2019-07-01 17:00:00,0.35307,75.54583949715001
1500,2019-07-02 08:00:00,0.04413,25.118713177679542
1501,2019-07-02 09:00:00,0.05147,29.075321415505872
1502,2019-07-02 10:00:00,0.05656,37.25721157716839
1503,2019-07-02 11:00:00,0.05967000000000001,61.66108396511187
1504,2019-07-02 12:00:00,0.06207000000000001,79.23487559264233
1505,2019-07-02 13:00:00,0.0695,85.7514564499407
1506,2019-07-02 14:00:00,0.08935,86.40694494003762
1507,2019-07-02 15:00:00,0.11452999999999999,86.25309527834837
1508,2019-07-02 16:00:00,0.10435,84.78216930468582
1509,2019-07-02 17:00:00,0.0797,76.57755341090787
1510,2019-07-03 08:00:00,0.04413,24.71714244931401
1511,2019-07-03 09:00:00,0.05147,28.166825723761985
1512,2019-07-03 10:00:00,0.05656,36.03586703796635
1513,2019-07-03 11:00:00,0.05967000000000001,61.21850576204597
1514,2019-07-03 12:00:00,0.06207000000000001,79.25892152814856
1515,2019-07-03 13:00:00,0.0695,84.67878667337804
1516,2019-07-03 14:00:00,0.08935,85.30532161783646
1517,2019-07-03 15:00:00,0.11452999999999999,85.62672758273835
1518,2019-07-03 16:00:00,0.10435,86.9649190476566
1519,2019-07-03 17:00:00,0.0797,76.00120299986048
1520,2019-07-04 08:00:00,0.043519999999999996,24.924722811912414
1521,2019-07-04 09:00:00,0.05,27.676440012126886
1522,2019-07-04 10:00:00,0.05464,37.33818866210829
1523,2019-07-04 11:00:00,0.05706,60.424591638490114
1524,2019-07-04 12:00:00,0.05935,81.16248938456027
1525,2019-07-04 13:00:00,0.06212,83.49619053222203
1526,2019-07-04 14:00:00,0.06835,86.44099676629595
1527,2019-07-04 15:00:00,0.07441,84.17315667731191
1528,2019-07-04 16:00:00,0.07277,85.67785186216287
1529,2019-07-04 17:00:00,0.06296,77.13022141543503
1530,2019-07-05 08:00:00,0.043519999999999996,26.154894798966875
1531,2019-07-05 09:00:00,0.05,28.218010899465156
1532,2019-07-05 10:00:00,0.05464,36.812596841725664
1533,2019-07-05 11:00:00,0.05706,61.31751689671325
1534,2019-07-05 12:00:00,0.05935,79.86715103438108
1535,2019-07-05 13:00:00,0.06212,83.4228450136651
1536,2019-07-05 14:00:00,0.06835,86.32172427811547
1537,2019-07-05 15:00:00,0.07441,85.7248675802673
1538,2019-07-05 16:00:00,0.07277,85.91195554777056
1539,2019-07-05 17:00:00,0.06296,75.71328395212863
1540,2019-07-06 08:00:00,0.043519999999999996,26.324008323949837
1541,2019-07-06 09:00:00,0.05,28.14810581368599
1542,2019-07-06 10:00:00,0.05464,36.4384191561255
1543,2019-07-06 11:00:00,0.05706,60.465329153023994
1544,2019-07-06 12:00:00,0.05935,78.29227906658178
1545,2019-07-06 13:00:00,0.06212,82.93631333854333
1546,2019-07-06 14:00:00,0.06835,85.49544298749782
1547,2019-07-06 15:00:00,0.07441,85.94687556505147
1548,2019-07-06 16:00:00,0.07277,83.95754341249688
1549,2019-07-06 17:00:00,0.06296,76.12300282249143
1550,2019-07-07 08:00:00,0.043519999999999996,26.190850734598847
1551,2019-07-07 09:00:00,0.05,29.295695884237254
1552,2019-07-07 10:00:00,0.05464,36.18737426605145
1553,2019-07-07 11:00:00,0.05706,59.03018777878545
1554,2019-07-07 12:00:00,0.05935,80.71409769002886
1555,2019-07-07 13:00:00,0.06212,85.86231117250843
1556,2019-07-07 14:00:00,0.06835,86.57590961250558
1557,2019-07-07 15:00:00,0.07441,86.37980874027258
1558,2019-07-07 16:00:00,0.07277,86.10432978023371
1559,2019-07-07 17:00:00,0.06296,76.35637530689326
1560,2019-07-08 08:00:00,0.043519999999999996,23.825572354010667
1561,2019-07-08 09:00:00,0.05,28.19429044337473
1562,2019-07-08 10:00:00,0.05464,36.14682773741807
1563,2019-07-08 11:00:00,0.05706,62.8679450632543
1564,2019-07-08 12:00:00,0.05935,79.68930892475156
1565,2019-07-08 13:00:00,0.06212,85.06179631886941
1566,2019-07-08 14:00:00,0.06835,86.23538933838485
1567,2019-07-08 15:00:00,0.07441,87.4259105139922
1568,2019-07-08 16:00:00,0.07277,85.83002373558448
1569,2019-07-08 17:00:00,0.06296,75.19542994038831
1570,2019-07-09 08:00:00,0.043519999999999996,25.44098222218857
1571,2019-07-09 09:00:00,0.05,30.186149060863087
1572,2019-07-09 10:00:00,0.05464,35.824139136058605
1573,2019-07-09 11:00:00,0.05706,61.18940870287752
1574,2019-07-09 12:00:00,0.05935,79.5517517343192
1575,2019-07-09 13:00:00,0.06212,85.14562514453536
1576,2019-07-09 14:00:00,0.06835,84.37340099171882
1577,2019-07-09 15:00:00,0.07441,87.50719950256246
1578,2019-07-09 16:00:00,0.07277,85.9878283073739
1579,2019-07-09 17:00:00,0.06296,76.22297605465826
1580,2019-07-10 08:00:00,0.043519999999999996,25.368004762295104
1581,2019-07-10 09:00:00,0.05,29.270669018528288
1582,2019-07-10 10:00:00,0.05464,35.8187605078544
1583,2019-07-10 11:00:00,0.05706,60.826462055837126
1584,2019-07-10 12:00:00,0.05935,81.31732462860396
1585,2019-07-10 13:00:00,0.06212,83.50756952592093
1586,2019-07-10 14:00:00,0.06835,86.28189198086467
1587,2019-07-10 15:00:00,0.07441,86.38402336503013
1588,2019-07-10 16:00:00,0.07277,85.11200889468977
1589,2019-07-10 17:00:00,0.06296,78.59862987060578
1590,2019-07-11 08:00:00,0.043519999999999996,26.672362816001773
1591,2019-07-11 09:00:00,0.05,28.068032793196153
1592,2019-07-11 10:00:00,0.05464,35.46020505743751
1593,2019-07-11 11:00:00,0.05706,61.65676832083153
1594,2019-07-11 12:00:00,0.05935,78.83320277448198
1595,2019-07-11 13:00:00,0.06212,85.92763896385927
1596,2019-07-11 14:00:00,0.06835,85.52618670381338
1597,2019-07-11 15:00:00,0.07441,87.03811758561282
1598,2019-07-11 16:00:00,0.07277,87.95613770304128
1599,2019-07-11 17:00:00,0.06296,75.96986516575923
1600,2019-07-12 08:00:00,0.046130000000000004,26.734487355144303
1601,2019-07-12 09:00:00,0.0518,29.112079048767757
1602,2019-07-12 10:00:00,0.06885,37.52438883247403
1603,2019-07-12 11:00:00,0.07845,59.722156600210006
1604,2019-07-12 12:00:00,0.10554000000000001,78.77085580599888
1605,2019-07-12 13:00:00,0.26279,82.71583147306578
1606,2019-07-12 14:00:00,0.42355,87.25459543390573
1607,2019-07-12 15:00:00,0.55055,86.78688424869897
1608,2019-07-12 16:00:00,0.5595899999999999,87.95824343448082
1609,2019-07-12 17:00:00,0.35307,77.15653011770178
1610,2019-07-13 08:00:00,0.046130000000000004,24.92203246574954
1611,2019-07-13 09:00:00,0.0518,28.622859772450006
1612,2019-07-13 10:00:00,0.06885,35.91234304271518
1613,2019-07-13 11:00:00,0.07845,60.97689713392973
1614,2019-07-13 12:00:00,0.10554000000000001,80.73901018569127
1615,2019-07-13 13:00:00,0.26279,84.3851728847897
1616,2019-07-13 14:00:00,0.42355,87.55946185975901
1617,2019-07-13 15:00:00,0.55055,87.20965746398697
1618,2019-07-13 16:00:00,0.5595899999999999,86.12330889707246
1619,2019-07-13 17:00:00,0.35307,76.31187427078451
1620,2019-07-14 08:00:00,0.046130000000000004,24.903603370031227
1621,2019-07-14 09:00:00,0.0518,29.812527616263534
1622,2019-07-14 10:00:00,0.06885,37.552603021942524
1623,2019-07-14 11:00:00,0.07845,60.26904264675218
1624,2019-07-14 12:00:00,0.10554000000000001,78.61350226114632
1625,2019-07-14 13:00:00,0.26279,85.70120212797691
1626,2019-07-14 14:00:00,0.42355,86.58357400913869
1627,2019-07-14 15:00:00,0.55055,87.91698355310604
1628,2019-07-14 16:00:00,0.5595899999999999,86.48084498458878
1629,2019-07-14 17:00:00,0.35307,76.51449757438259
1630,2019-07-15 08:00:00,0.04413,26.21411083400976
1631,2019-07-15 09:00:00,0.05147,29.814347272581482
1632,2019-07-15 10:00:00,0.05656,37.13270277360441
1633,2019-07-15 11:00:00,0.05967000000000001,60.60541213266799
1634,2019-07-15 12:00:00,0.06207000000000001,81.1305570119085
1635,2019-07-15 13:00:00,0.0695,85.30670002655685
1636,2019-07-15 14:00:00,0.08935,86.47189221735313
1637,2019-07-15 15:00:00,0.11452999999999999,87.29136153051688
1638,2019-07-15 16:00:00,0.10435,87.18612651003893
1639,2019-07-15 17:00:00,0.0797,76.17055573034342
1640,2019-07-16 08:00:00,0.04413,25.12750906495781
1641,2019-07-16 09:00:00,0.05147,27.688576623497912
1642,2019-07-16 10:00:00,0.05656,36.82566095383602
1643,2019-07-16 11:00:00,0.05967000000000001,60.921896516926296
1644,2019-07-16 12:00:00,0.06207000000000001,81.59994976432013
1645,2019-07-16 13:00:00,0.0695,85.38008929206686
1646,2019-07-16 14:00:00,0.08935,85.36389021727148
1647,2019-07-16 15:00:00,0.11452999999999999,86.79488232182543
1648,2019-07-16 16:00:00,0.10435,85.66556529618855
1649,2019-07-16 17:00:00,0.0797,75.64321095200864
1650,2019-07-17 08:00:00,0.046130000000000004,24.155539626246483
1651,2019-07-17 09:00:00,0.0518,28.1880976456436
1652,2019-07-17 10:00:00,0.06885,36.0914836182285
1653,2019-07-17 11:00:00,0.07845,61.42678742896125
1654,2019-07-17 12:00:00,0.10554000000000001,80.66803439544766
1655,2019-07-17 13:00:00,0.26279,85.85789797815114
1656,2019-07-17 14:00:00,0.42355,86.55394536399675
1657,2019-07-17 15:00:00,0.55055,86.72478587700473
1658,2019-07-17 16:00:00,0.5595899999999999,86.32331255608864
1659,2019-07-17 17:00:00,0.35307,78.05577226838922
1660,2019-07-18 08:00:00,0.04413,24.282224012269932
1661,2019-07-18 09:00:00,0.05147,31.597851305846213
1662,2019-07-18 10:00:00,0.05656,33.9528667573527
1663,2019-07-18 11:00:00,0.05967000000000001,61.610977793108546
1664,2019-07-18 12:00:00,0.06207000000000001,78.90653385905443
1665,2019-07-18 13:00:00,0.0695,86.47291403920777
1666,2019-07-18 14:00:00,0.08935,87.91323101634255
1667,2019-07-18 15:00:00,0.11452999999999999,87.17635883020239
1668,2019-07-18 16:00:00,0.10435,84.43662669790324
1669,2019-07-18 17:00:00,0.0797,76.84743951527679
1670,2019-07-19 08:00:00,0.04413,25.848497499991378
1671,2019-07-19 09:00:00,0.05147,27.91289139426425
1672,2019-07-19 10:00:00,0.05656,34.840093414108466
1673,2019-07-19 11:00:00,0.05967000000000001,60.97080554356752
1674,2019-07-19 12:00:00,0.06207000000000001,78.31812146398953
1675,2019-07-19 13:00:00,0.0695,84.67240626386966
1676,2019-07-19 14:00:00,0.08935,85.03056937956579
1677,2019-07-19 15:00:00,0.11452999999999999,86.99099502397247
1678,2019-07-19 16:00:00,0.10435,85.65647200545979
1679,2019-07-19 17:00:00,0.0797,76.42103873725294
1680,2019-07-20 08:00:00,0.04413,26.873063830548034
1681,2019-07-20 09:00:00,0.05147,27.74299774547419
1682,2019-07-20 10:00:00,0.05656,34.88088179390923
1683,2019-07-20 11:00:00,0.05967000000000001,60.97668356196091
1684,2019-07-20 12:00:00,0.06207000000000001,80.75394422935217
1685,2019-07-20 13:00:00,0.0695,83.13886376358414
1686,2019-07-20 14:00:00,0.08935,85.03242400693772
1687,2019-07-20 15:00:00,0.11452999999999999,87.2548490167029
1688,2019-07-20 16:00:00,0.10435,87.32100939381783
1689,2019-07-20 17:00:00,0.0797,76.73129122076722
1690,2019-07-21 08:00:00,0.043519999999999996,24.98438111427797
1691,2019-07-21 09:00:00,0.05,28.675000314737805
1692,2019-07-21 10:00:00,0.05464,37.964637408666704
1693,2019-07-21 11:00:00,0.05706,61.09044328014068
1694,2019-07-21 12:00:00,0.05935,80.20046257851996
1695,2019-07-21 13:00:00,0.06212,83.95025279217585
1696,2019-07-21 14:00:00,0.06835,86.66193899775178
1697,2019-07-21 15:00:00,0.07441,86.75909206741808
1698,2019-07-21 16:00:00,0.07277,86.3722154738525
1699,2019-07-21 17:00:00,0.06296,77.57640394730387
1700,2019-07-22 08:00:00,0.04413,26.352684665506203
1701,2019-07-22 09:00:00,0.05147,27.409571010195634
1702,2019-07-22 10:00:00,0.05656,36.905442726568005
1703,2019-07-22 11:00:00,0.05967000000000001,61.305144127010266
1704,2019-07-22 12:00:00,0.06207000000000001,80.73014616415155
1705,2019-07-22 13:00:00,0.0695,83.23131026013544
1706,2019-07-22 14:00:00,0.08935,86.55903561090405
1707,2019-07-22 15:00:00,0.11452999999999999,88.29932688769256
1708,2019-07-22 16:00:00,0.10435,88.80760048668328
1709,2019-07-22 17:00:00,0.0797,77.03454014905498
1710,2019-07-23 08:00:00,0.046130000000000004,23.501891033200568
1711,2019-07-23 09:00:00,0.0518,28.641173511073927
1712,2019-07-23 10:00:00,0.06885,36.689878029684934
1713,2019-07-23 11:00:00,0.07845,60.5994684800122
1714,2019-07-23 12:00:00,0.10554000000000001,79.64670114249466
1715,2019-07-23 13:00:00,0.26279,84.58891298424386
1716,2019-07-23 14:00:00,0.42355,84.74332658641663
1717,2019-07-23 15:00:00,0.55055,87.31754516770447
1718,2019-07-23 16:00:00,0.5595899999999999,87.51176955947506
1719,2019-07-23 17:00:00,0.35307,77.04666532048279
1720,2019-07-24 08:00:00,0.06476,24.947713067973513
1721,2019-07-24 09:00:00,0.09816,29.86108354185099
1722,2019-07-24 10:00:00,0.2101,34.938350021548224
1723,2019-07-24 11:00:00,0.33516999999999997,60.07257880202877
1724,2019-07-24 12:00:00,0.48905,78.44737966734034
1725,2019-07-24 13:00:00,0.79069,84.45235248971873
1726,2019-07-24 14:00:00,1.0235299999999998,86.58118802643659
1727,2019-07-24 15:00:00,1.32074,87.19778774340548
1728,2019-07-24 16:00:00,1.21284,88.14444632101939
1729,2019-07-24 17:00:00,0.91833,76.92905060717715
1730,2019-07-25 08:00:00,0.05997,24.105584968815457
1731,2019-07-25 09:00:00,0.11115,27.16413469942223
1732,2019-07-25 10:00:00,0.25704,34.3128219807788
1733,2019-07-25 11:00:00,0.56519,58.60896795863722
1734,2019-07-25 12:00:00,0.92219,80.12029363217951
1735,2019-07-25 13:00:00,1.60762,84.43829024189623
1736,2019-07-25 14:00:00,2.32735,86.23273597405996
1737,2019-07-25 15:00:00,3.26983,88.55920007084377
1738,2019-07-25 16:00:00,3.2711799999999998,88.14078629016498
1739,2019-07-25 17:00:00,2.4171099999999996,77.7289915521139
1740,2019-07-26 08:00:00,0.06476,23.568134461456566
1741,2019-07-26 09:00:00,0.09816,28.209225492383265
1742,2019-07-26 10:00:00,0.2101,36.79229475305391
1743,2019-07-26 11:00:00,0.33516999999999997,59.80659432361273
1744,2019-07-26 12:00:00,0.48905,81.18995483942459
1745,2019-07-26 13:00:00,0.79069,84.27994662405816
1746,2019-07-26 14:00:00,1.0235299999999998,86.67981600878424
1747,2019-07-26 15:00:00,1.32074,86.83725140940668
1748,2019-07-26 16:00:00,1.21284,87.31179360212221
1749,2019-07-26 17:00:00,0.91833,75.08152294708867
1750,2019-07-27 08:00:00,0.06476,26.283194309979365
1751,2019-07-27 09:00:00,0.09816,28.285497596936267
1752,2019-07-27 10:00:00,0.2101,36.389380890927185
1753,2019-07-27 11:00:00,0.33516999999999997,60.51178313864821
1754,2019-07-27 12:00:00,0.48905,79.77096765290493
1755,2019-07-27 13:00:00,0.79069,83.67784491361714
1756,2019-07-27 14:00:00,1.0235299999999998,86.1601452834194
1757,2019-07-27 15:00:00,1.32074,86.61329678545225
1758,2019-07-27 16:00:00,1.21284,85.89769522990109
1759,2019-07-27 17:00:00,0.91833,77.48220556168998
1760,2019-07-28 08:00:00,0.046130000000000004,26.13893552332524
1761,2019-07-28 09:00:00,0.0518,28.727387090295192
1762,2019-07-28 10:00:00,0.06885,36.802491516138815
1763,2019-07-28 11:00:00,0.07845,59.65738424144493
1764,2019-07-28 12:00:00,0.10554000000000001,80.23900590098859
1765,2019-07-28 13:00:00,0.26279,87.91666203037866
1766,2019-07-28 14:00:00,0.42355,86.81521009656444
1767,2019-07-28 15:00:00,0.55055,86.76069719068617
1768,2019-07-28 16:00:00,0.5595899999999999,87.93438258651373
1769,2019-07-28 17:00:00,0.35307,77.18148649177708
1770,2019-07-29 08:00:00,0.046130000000000004,24.39824857296652
1771,2019-07-29 09:00:00,0.0518,27.74506936949701
1772,2019-07-29 10:00:00,0.06885,37.22757602370165
1773,2019-07-29 11:00:00,0.07845,60.12198998108773
1774,2019-07-29 12:00:00,0.10554000000000001,80.50274000390608
1775,2019-07-29 13:00:00,0.26279,83.85071828085886
1776,2019-07-29 14:00:00,0.42355,86.26530397261351
1777,2019-07-29 15:00:00,0.55055,87.58581474651673
1778,2019-07-29 16:00:00,0.5595899999999999,87.87730902954529
1779,2019-07-29 17:00:00,0.35307,77.8565824575181
1780,2019-07-30 08:00:00,0.04413,25.845401840669346
1781,2019-07-30 09:00:00,0.05147,27.870811043032816
1782,2019-07-30 10:00:00,0.05656,35.649887423919516
1783,2019-07-30 11:00:00,0.05967000000000001,59.6925725793285
1784,2019-07-30 12:00:00,0.06207000000000001,80.84278123263131
1785,2019-07-30 13:00:00,0.0695,85.90124615868133
1786,2019-07-30 14:00:00,0.08935,86.57374773356877
1787,2019-07-30 15:00:00,0.11452999999999999,87.20251686929676
1788,2019-07-30 16:00:00,0.10435,86.4080688730806
1789,2019-07-30 17:00:00,0.0797,77.62036525614084
1790,2019-07-31 08:00:00,0.04413,26.155245107095443
1791,2019-07-31 09:00:00,0.05147,29.368884085296802
1792,2019-07-31 10:00:00,0.05656,34.65296231270403
1793,2019-07-31 11:00:00,0.05967000000000001,59.590564325136555
1794,2019-07-31 12:00:00,0.06207000000000001,80.62681715256255
1795,2019-07-31 13:00:00,0.0695,84.78357501053637
1796,2019-07-31 14:00:00,0.08935,87.9305380296848
1797,2019-07-31 15:00:00,0.11452999999999999,86.48369403319052
1798,2019-07-31 16:00:00,0.10435,88.93822845349264
1799,2019-07-31 17:00:00,0.0797,76.86648844387783
1800,2019-08-01 08:00:00,0.04413,25.646292288695204
1801,2019-08-01 09:00:00,0.05147,26.868472904958374
1802,2019-08-01 10:00:00,0.05656,37.51089015105457
1803,2019-08-01 11:00:00,0.05967000000000001,60.982491780858915
1804,2019-08-01 12:00:00,0.06207000000000001,80.23089758921903
1805,2019-08-01 13:00:00,0.0695,84.69658438595926
1806,2019-08-01 14:00:00,0.08935,87.74207259872395
1807,2019-08-01 15:00:00,0.11452999999999999,88.16827673035986
1808,2019-08-01 16:00:00,0.10435,87.5769675506906
1809,2019-08-01 17:00:00,0.0797,78.75220161426746
